alter session set "_ORACLE_SCRIPT"=true;


drop table NHANVIEN
CREATE TABLE NHANVIEN (
MANV VARCHAR2(5),
TENNV VARCHAR2(30),
PHAI VARCHAR2(3),
NGAYSINH DATE,
DIACHI VARCHAR2(50),
SODT VARCHAR2(15),
LUONG FLOAT,
PHUCAP FLOAT,
VAITRO VARCHAR2(30),
MANQL VARCHAR2(5),
PHG VARCHAR2(5),
PRIMARY KEY (MANV)
)
select *from PHONGBAN
CREATE TABLE PHONGBAN (
MAPB VARCHAR2(5),
TENPB VARCHAR2(30),
TRPHG VARCHAR2(5),
PRIMARY KEY (MAPB)
)

CREATE TABLE DEAN (
MADA VARCHAR2(5),
TENDA VARCHAR2(30),
NGAYBD DATE,
PHONG VARCHAR2(5),
PRIMARY KEY (MADA)
)

CREATE TABLE PHANCONG (
MANV VARCHAR2(5),
MADA VARCHAR2(5),
THOIGIAN DATE,
PRIMARY KEY (MANV,MADA)
)

ALTER TABLE NHANVIEN
ADD CONSTRAINT FK_NHANVIENQL_NHANVIEN FOREIGN KEY (MANQL) REFERENCES NHANVIEN(MANV);

ALTER TABLE NHANVIEN
ADD CONSTRAINT FK_NHANVIEN_PHONGBAN FOREIGN KEY (PHG) REFERENCES PHONGBAN(MAPB);

ALTER TABLE PHONGBAN
ADD CONSTRAINT FK_PHONGBAN_NHANVIEN FOREIGN KEY (TRPHG) REFERENCES NHANVIEN(MANV);

ALTER TABLE DEAN
ADD CONSTRAINT FK_DEAN_PHONGBAN FOREIGN KEY (PHONG) REFERENCES PHONGBAN(MAPB);

ALTER TABLE PHANCONG
ADD CONSTRAINT FK_PHANCONG_NHANVIEN FOREIGN KEY (MANV) REFERENCES NHANVIEN(MANV);

ALTER TABLE PHANCONG
ADD CONSTRAINT FK_PHANCONG_DEAN FOREIGN KEY (MADA) REFERENCES DEAN(MADA);
--5giamdoc, 3 truongdean, 5 nhan su, 5 tai chinh, 8 truong phong, 20 quan li truc tiep, 300 nhan vien
/*if this <=5 then 'BAN GIAM DOC'
elsif this <=8 then 'TRUONG DE AN'
elsif this <=13 then 'NHAN SU'
elsif this <=18 then 'TAI CHINH'
elsif this <=26 then 'TRUONG PHONG'
elsif this <=46 then 'QUAN LI TRUC TIEP'
else 'NHAN VIEN' end
*/

--nhan vien
insert into NHANVIEN (MANV, TENNV, PHAI, NGAYSINH , DIACHI, SODT, LUONG, PHUCAP, VAITRO, MANQL, PHG) values ('NV001', 'Ten Nhan Vien 1', 'NAM', date'2002-07-02', '4815 2nd Street', '7684346018', '3000', '200', 'BAN GIAM DOC', NULL, NULL);
insert into NHANVIEN (MANV, TENNV, PHAI, NGAYSINH , DIACHI, SODT, LUONG, PHUCAP, VAITRO, MANQL, PHG) values ('NV002', 'Ten Nhan Vien 2', 'NU', date'2002-07-03', '483 Norway Maple Park', '2178025824', '3000', '200', 'BAN GIAM DOC', NULL, NULL);
insert into NHANVIEN (MANV, TENNV, PHAI, NGAYSINH , DIACHI, SODT, LUONG, PHUCAP, VAITRO, MANQL, PHG) values ('NV003', 'Ten Nhan Vien 3', 'NAM', date'2002-12-01', '95237 Ridge Oak Circle', '1909682677', '3000', '200', 'BAN GIAM DOC', NULL, NULL);
insert into NHANVIEN (MANV, TENNV, PHAI, NGAYSINH , DIACHI, SODT, LUONG, PHUCAP, VAITRO, MANQL, PHG) values ('NV004', 'Ten Nhan Vien 4', 'NU', date'2002-04-18', '262 Buhler Alley', '9937704650', '2000', '150', 'BAN GIAM DOC', NULL, NULL);
insert into NHANVIEN (MANV, TENNV, PHAI, NGAYSINH , DIACHI, SODT, LUONG, PHUCAP, VAITRO, MANQL, PHG) values ('NV005', 'Ten Nhan Vien 5', 'NAM', date'2002-11-25', '226 Gulseth Plaza', '7137199422', '2000', '150', 'BAN GIAM DOC', NULL, NULL);
insert into NHANVIEN (MANV, TENNV, PHAI, NGAYSINH , DIACHI, SODT, LUONG, PHUCAP, VAITRO, MANQL, PHG) values ('NV006', 'Ten Nhan Vien 6', 'NU', date'2002-06-10', '1 Redwing Park', '2118878631', '2000', '150', 'TRUONG DE AN', NULL, NULL);
insert into NHANVIEN (MANV, TENNV, PHAI, NGAYSINH , DIACHI, SODT, LUONG, PHUCAP, VAITRO, MANQL, PHG) values ('NV007', 'Ten Nhan Vien 7', 'NAM', date'2002-10-21', '968 Commercial Pass', '3361511263', '2000', '150', 'TRUONG DE AN', NULL, NULL);
insert into NHANVIEN (MANV, TENNV, PHAI, NGAYSINH , DIACHI, SODT, LUONG, PHUCAP, VAITRO, MANQL, PHG) values ('NV008', 'Ten Nhan Vien 8', 'NU', date'2002-08-01', '174 Browning Lane', '8918911685', '2000', '150', 'TRUONG DE AN', NULL, NULL);
insert into NHANVIEN (MANV, TENNV, PHAI, NGAYSINH , DIACHI, SODT, LUONG, PHUCAP, VAITRO, MANQL, PHG) values ('NV009', 'Ten Nhan Vien 9', 'NAM', date'2002-06-18', '8 Victoria Street', '6275157878', '2000', '150', 'NHAN SU', NULL, NULL);
insert into NHANVIEN (MANV, TENNV, PHAI, NGAYSINH , DIACHI, SODT, LUONG, PHUCAP, VAITRO, MANQL, PHG) values ('NV010', 'Ten Nhan Vien 10', 'NU', date'2002-05-31', '8 Jenifer Alley', '3866561671', '2000', '150', 'NHAN SU', NULL, NULL);
insert into NHANVIEN (MANV, TENNV, PHAI, NGAYSINH , DIACHI, SODT, LUONG, PHUCAP, VAITRO, MANQL, PHG) values ('NV011', 'Ten Nhan Vien 11', 'NAM', date'2002-02-02', '2 Roth Street', '9612630174', '2000', '150', 'NHAN SU', NULL, NULL);
insert into NHANVIEN (MANV, TENNV, PHAI, NGAYSINH , DIACHI, SODT, LUONG, PHUCAP, VAITRO, MANQL, PHG) values ('NV012', 'Ten Nhan Vien 12', 'NU', date'2002-12-28', '7545 Kings Alley', '3618881423', '2000', '150', 'NHAN SU', NULL, NULL);
insert into NHANVIEN (MANV, TENNV, PHAI, NGAYSINH , DIACHI, SODT, LUONG, PHUCAP, VAITRO, MANQL, PHG) values ('NV013', 'Ten Nhan Vien 13', 'NAM', date'2002-12-12', '64 Marquette Terrace', '7822046137', '2000', '150', 'NHAN SU', NULL, NULL);
insert into NHANVIEN (MANV, TENNV, PHAI, NGAYSINH , DIACHI, SODT, LUONG, PHUCAP, VAITRO, MANQL, PHG) values ('NV014', 'Ten Nhan Vien 14', 'NU', date'2002-10-09', '2392 Briar Crest Street', '8528268656', '1000', '100', 'TAI CHINH', NULL, NULL);
insert into NHANVIEN (MANV, TENNV, PHAI, NGAYSINH , DIACHI, SODT, LUONG, PHUCAP, VAITRO, MANQL, PHG) values ('NV015', 'Ten Nhan Vien 15', 'NAM', date'2002-02-24', '3 Bunting Trail', '9208555320', '1000', '100', 'TAI CHINH', NULL, NULL);
insert into NHANVIEN (MANV, TENNV, PHAI, NGAYSINH , DIACHI, SODT, LUONG, PHUCAP, VAITRO, MANQL, PHG) values ('NV016', 'Ten Nhan Vien 16', 'NU', date'2002-10-27', '02573 Chive Circle', '9031002742', '1000', '100', 'TAI CHINH', NULL, NULL);
insert into NHANVIEN (MANV, TENNV, PHAI, NGAYSINH , DIACHI, SODT, LUONG, PHUCAP, VAITRO, MANQL, PHG) values ('NV017', 'Ten Nhan Vien 17', 'NAM', date'2002-11-12', '40 Marquette Junction', '4916247384', '1000', '100', 'TAI CHINH', NULL, NULL);
insert into NHANVIEN (MANV, TENNV, PHAI, NGAYSINH , DIACHI, SODT, LUONG, PHUCAP, VAITRO, MANQL, PHG) values ('NV018', 'Ten Nhan Vien 18', 'NU', date'2002-09-17', '680 Shelley Junction', '7135443494', '1000', '100', 'TAI CHINH', NULL, NULL);
insert into NHANVIEN (MANV, TENNV, PHAI, NGAYSINH , DIACHI, SODT, LUONG, PHUCAP, VAITRO, MANQL, PHG) values ('NV019', 'Ten Nhan Vien 19', 'NAM', date'2002-10-30', '3070 Village Way', '7495927872', '1000', '100', 'TRUONG PHONG', NULL, NULL);
insert into NHANVIEN (MANV, TENNV, PHAI, NGAYSINH , DIACHI, SODT, LUONG, PHUCAP, VAITRO, MANQL, PHG) values ('NV020', 'Ten Nhan Vien 20', 'NU', date'2002-08-21', '34641 Banding Place', '3501042502', '1000', '100', 'TRUONG PHONG', NULL, NULL);
insert into NHANVIEN (MANV, TENNV, PHAI, NGAYSINH , DIACHI, SODT, LUONG, PHUCAP, VAITRO, MANQL, PHG) values ('NV021', 'Ten Nhan Vien 21', 'NAM', date'2002-08-03', '721 Autumn Leaf Pass', '2857258616', '1000', '100', 'TRUONG PHONG', NULL, NULL);
insert into NHANVIEN (MANV, TENNV, PHAI, NGAYSINH , DIACHI, SODT, LUONG, PHUCAP, VAITRO, MANQL, PHG) values ('NV022', 'Ten Nhan Vien 22', 'NU', date'2002-07-25', '84193 Memorial Lane', '4948520685', '1000', '100', 'TRUONG PHONG', NULL, NULL);
insert into NHANVIEN (MANV, TENNV, PHAI, NGAYSINH , DIACHI, SODT, LUONG, PHUCAP, VAITRO, MANQL, PHG) values ('NV023', 'Ten Nhan Vien 23', 'NAM', date'2002-12-30', '6002 Kingsford Hill', '1869906212', '1000', '100', 'TRUONG PHONG', NULL, NULL);
insert into NHANVIEN (MANV, TENNV, PHAI, NGAYSINH , DIACHI, SODT, LUONG, PHUCAP, VAITRO, MANQL, PHG) values ('NV024', 'Ten Nhan Vien 24', 'NU', date'2002-03-05', '51 Fulton Parkway', '3936075939', '1000', '100', 'TRUONG PHONG', NULL, NULL);
insert into NHANVIEN (MANV, TENNV, PHAI, NGAYSINH , DIACHI, SODT, LUONG, PHUCAP, VAITRO, MANQL, PHG) values ('NV025', 'Ten Nhan Vien 25', 'NAM', date'2002-12-05', '873 Center Terrace', '9813299985', '1000', '100', 'TRUONG PHONG', NULL, NULL);
insert into NHANVIEN (MANV, TENNV, PHAI, NGAYSINH , DIACHI, SODT, LUONG, PHUCAP, VAITRO, MANQL, PHG) values ('NV026', 'Ten Nhan Vien 26', 'NU', date'2002-03-28', '315 Melrose Parkway', '5917406796', '1000', '100', 'TRUONG PHONG', NULL, NULL);
insert into NHANVIEN (MANV, TENNV, PHAI, NGAYSINH , DIACHI, SODT, LUONG, PHUCAP, VAITRO, MANQL, PHG) values ('NV027', 'Ten Nhan Vien 27', 'NAM', date'2002-09-19', '0442 Mandrake Avenue', '7991928261', '1000', '100', 'QUAN LI TRUC TIEP', 'NV027', NULL);
insert into NHANVIEN (MANV, TENNV, PHAI, NGAYSINH , DIACHI, SODT, LUONG, PHUCAP, VAITRO, MANQL, PHG) values ('NV028', 'Ten Nhan Vien 28', 'NU', date'2002-06-10', '854 Union Road', '4986060938', '1000', '100', 'QUAN LI TRUC TIEP', 'NV028', NULL);
insert into NHANVIEN (MANV, TENNV, PHAI, NGAYSINH , DIACHI, SODT, LUONG, PHUCAP, VAITRO, MANQL, PHG) values ('NV029', 'Ten Nhan Vien 29', 'NAM', date'2002-01-07', '77154 Sachs Terrace', '3303210335', '1000', '100', 'QUAN LI TRUC TIEP', 'NV029', NULL);
insert into NHANVIEN (MANV, TENNV, PHAI, NGAYSINH , DIACHI, SODT, LUONG, PHUCAP, VAITRO, MANQL, PHG) values ('NV030', 'Ten Nhan Vien 30', 'NU', date'2002-01-22', '22214 Monica Avenue', '4153074866', '1000', '100', 'QUAN LI TRUC TIEP', 'NV030', NULL);
insert into NHANVIEN (MANV, TENNV, PHAI, NGAYSINH , DIACHI, SODT, LUONG, PHUCAP, VAITRO, MANQL, PHG) values ('NV031', 'Ten Nhan Vien 31', 'NAM', date'2002-07-09', '7 7th Center', '7363897426', '1000', '100', 'QUAN LI TRUC TIEP', 'NV031', NULL);
insert into NHANVIEN (MANV, TENNV, PHAI, NGAYSINH , DIACHI, SODT, LUONG, PHUCAP, VAITRO, MANQL, PHG) values ('NV032', 'Ten Nhan Vien 32', 'NU', date'2002-04-08', '40 Evergreen Lane', '1971335936', '1000', '100', 'QUAN LI TRUC TIEP', 'NV032', NULL);
insert into NHANVIEN (MANV, TENNV, PHAI, NGAYSINH , DIACHI, SODT, LUONG, PHUCAP, VAITRO, MANQL, PHG) values ('NV033', 'Ten Nhan Vien 33', 'NAM', date'2002-02-16', '6 Coolidge Lane', '5976266724', '1000', '100', 'QUAN LI TRUC TIEP', 'NV033', NULL);
insert into NHANVIEN (MANV, TENNV, PHAI, NGAYSINH , DIACHI, SODT, LUONG, PHUCAP, VAITRO, MANQL, PHG) values ('NV034', 'Ten Nhan Vien 34', 'NU', date'2002-01-17', '95587 David Pass', '6333330527', '1000', '100', 'QUAN LI TRUC TIEP', 'NV034', NULL);
insert into NHANVIEN (MANV, TENNV, PHAI, NGAYSINH , DIACHI, SODT, LUONG, PHUCAP, VAITRO, MANQL, PHG) values ('NV035', 'Ten Nhan Vien 35', 'NAM', date'2002-02-20', '36 Drewry Lane', '1892904890', '1000', '100', 'QUAN LI TRUC TIEP', 'NV035', NULL);
insert into NHANVIEN (MANV, TENNV, PHAI, NGAYSINH , DIACHI, SODT, LUONG, PHUCAP, VAITRO, MANQL, PHG) values ('NV036', 'Ten Nhan Vien 36', 'NU', date'2002-01-10', '336 Sutteridge Alley', '5162400519', '1000', '100', 'QUAN LI TRUC TIEP', 'NV036', NULL);
insert into NHANVIEN (MANV, TENNV, PHAI, NGAYSINH , DIACHI, SODT, LUONG, PHUCAP, VAITRO, MANQL, PHG) values ('NV037', 'Ten Nhan Vien 37', 'NAM', date'2002-10-06', '9900 Homewood Point', '7003029649', '1000', '100', 'QUAN LI TRUC TIEP', 'NV037', NULL);
insert into NHANVIEN (MANV, TENNV, PHAI, NGAYSINH , DIACHI, SODT, LUONG, PHUCAP, VAITRO, MANQL, PHG) values ('NV038', 'Ten Nhan Vien 38', 'NU', date'2002-04-30', '5 Shopko Hill', '7479017844', '1000', '100', 'QUAN LI TRUC TIEP', 'NV038', NULL);
insert into NHANVIEN (MANV, TENNV, PHAI, NGAYSINH , DIACHI, SODT, LUONG, PHUCAP, VAITRO, MANQL, PHG) values ('NV039', 'Ten Nhan Vien 39', 'NAM', date'2002-07-02', '28 Dunning Place', '7875176604', '1000', '100', 'QUAN LI TRUC TIEP', 'NV039', NULL);
insert into NHANVIEN (MANV, TENNV, PHAI, NGAYSINH , DIACHI, SODT, LUONG, PHUCAP, VAITRO, MANQL, PHG) values ('NV040', 'Ten Nhan Vien 40', 'NU', date'2002-05-18', '904 6th Hill', '4531169585', '1000', '100', 'QUAN LI TRUC TIEP', 'NV040', NULL);
insert into NHANVIEN (MANV, TENNV, PHAI, NGAYSINH , DIACHI, SODT, LUONG, PHUCAP, VAITRO, MANQL, PHG) values ('NV041', 'Ten Nhan Vien 41', 'NAM', date'2002-03-04', '61 Russell Circle', '7794363064', '1000', '100', 'QUAN LI TRUC TIEP', 'NV041', NULL);
insert into NHANVIEN (MANV, TENNV, PHAI, NGAYSINH , DIACHI, SODT, LUONG, PHUCAP, VAITRO, MANQL, PHG) values ('NV042', 'Ten Nhan Vien 42', 'NU', date'2002-07-26', '83 Packers Junction', '6727667118', '1000', '100', 'QUAN LI TRUC TIEP', 'NV042', NULL);
insert into NHANVIEN (MANV, TENNV, PHAI, NGAYSINH , DIACHI, SODT, LUONG, PHUCAP, VAITRO, MANQL, PHG) values ('NV043', 'Ten Nhan Vien 43', 'NAM', date'2002-01-03', '5 Talmadge Place', '3124251823', '1000', '100', 'QUAN LI TRUC TIEP', 'NV043', NULL);
insert into NHANVIEN (MANV, TENNV, PHAI, NGAYSINH , DIACHI, SODT, LUONG, PHUCAP, VAITRO, MANQL, PHG) values ('NV044', 'Ten Nhan Vien 44', 'NU', date'2002-09-17', '2479 1st Lane', '1852763268', '1000', '100', 'QUAN LI TRUC TIEP', 'NV044', NULL);
insert into NHANVIEN (MANV, TENNV, PHAI, NGAYSINH , DIACHI, SODT, LUONG, PHUCAP, VAITRO, MANQL, PHG) values ('NV045', 'Ten Nhan Vien 45', 'NAM', date'2002-01-09', '12399 Dennis Lane', '3842196911', '1000', '100', 'QUAN LI TRUC TIEP', 'NV045', NULL);
insert into NHANVIEN (MANV, TENNV, PHAI, NGAYSINH , DIACHI, SODT, LUONG, PHUCAP, VAITRO, MANQL, PHG) values ('NV046', 'Ten Nhan Vien 46', 'NU', date'2002-01-09', '33 Dexter Drive', '6878159916', '1000', '100', 'QUAN LI TRUC TIEP', 'NV046', NULL);
insert into NHANVIEN (MANV, TENNV, PHAI, NGAYSINH , DIACHI, SODT, LUONG, PHUCAP, VAITRO, MANQL, PHG) values ('NV047', 'Ten Nhan Vien 47', 'NAM', date'2002-09-22', '23 Bonner Terrace', '1315006816', '1000', '100', 'NHAN VIEN', NULL, NULL);
insert into NHANVIEN (MANV, TENNV, PHAI, NGAYSINH , DIACHI, SODT, LUONG, PHUCAP, VAITRO, MANQL, PHG) values ('NV048', 'Ten Nhan Vien 48', 'NU', date'2002-11-27', '57377 Fallview Court', '2554889423', '1000', '100', 'NHAN VIEN', NULL, NULL);
insert into NHANVIEN (MANV, TENNV, PHAI, NGAYSINH , DIACHI, SODT, LUONG, PHUCAP, VAITRO, MANQL, PHG) values ('NV049', 'Ten Nhan Vien 49', 'NAM', date'2002-08-27', '27454 Algoma Plaza', '7492637760', '1000', '100', 'NHAN VIEN', NULL, NULL);
insert into NHANVIEN (MANV, TENNV, PHAI, NGAYSINH , DIACHI, SODT, LUONG, PHUCAP, VAITRO, MANQL, PHG) values ('NV050', 'Ten Nhan Vien 50', 'NU', date'2002-02-25', '3687 Sutteridge Circle', '5937953583', '1000', '100', 'NHAN VIEN', NULL, NULL);
insert into NHANVIEN (MANV, TENNV, PHAI, NGAYSINH , DIACHI, SODT, LUONG, PHUCAP, VAITRO, MANQL, PHG) values ('NV051', 'Ten Nhan Vien 51', 'NAM', date'2002-12-29', '686 Gulseth Junction', '9946686887', '1000', '100', 'NHAN VIEN', NULL, NULL);
insert into NHANVIEN (MANV, TENNV, PHAI, NGAYSINH , DIACHI, SODT, LUONG, PHUCAP, VAITRO, MANQL, PHG) values ('NV052', 'Ten Nhan Vien 52', 'NU', date'2002-12-27', '5509 Lotheville Lane', '8122095270', '1000', '100', 'NHAN VIEN', NULL, NULL);
insert into NHANVIEN (MANV, TENNV, PHAI, NGAYSINH , DIACHI, SODT, LUONG, PHUCAP, VAITRO, MANQL, PHG) values ('NV053', 'Ten Nhan Vien 53', 'NAM', date'2002-01-11', '86 Linden Park', '3825498958', '1000', '100', 'NHAN VIEN', NULL, NULL);
insert into NHANVIEN (MANV, TENNV, PHAI, NGAYSINH , DIACHI, SODT, LUONG, PHUCAP, VAITRO, MANQL, PHG) values ('NV054', 'Ten Nhan Vien 54', 'NU', date'2002-01-26', '8723 Morning Parkway', '4592489359', '1000', '100', 'NHAN VIEN', NULL, NULL);
insert into NHANVIEN (MANV, TENNV, PHAI, NGAYSINH , DIACHI, SODT, LUONG, PHUCAP, VAITRO, MANQL, PHG) values ('NV055', 'Ten Nhan Vien 55', 'NAM', date'2002-11-05', '8 Reindahl Court', '1201700056', '1000', '100', 'NHAN VIEN', NULL, NULL);
insert into NHANVIEN (MANV, TENNV, PHAI, NGAYSINH , DIACHI, SODT, LUONG, PHUCAP, VAITRO, MANQL, PHG) values ('NV056', 'Ten Nhan Vien 56', 'NU', date'2002-04-09', '0 Center Court', '6561510098', '1000', '100', 'NHAN VIEN', NULL, NULL);
insert into NHANVIEN (MANV, TENNV, PHAI, NGAYSINH , DIACHI, SODT, LUONG, PHUCAP, VAITRO, MANQL, PHG) values ('NV057', 'Ten Nhan Vien 57', 'NAM', date'2002-05-03', '7 Oak Avenue', '2688635510', '1000', '100', 'NHAN VIEN', NULL, NULL);
insert into NHANVIEN (MANV, TENNV, PHAI, NGAYSINH , DIACHI, SODT, LUONG, PHUCAP, VAITRO, MANQL, PHG) values ('NV058', 'Ten Nhan Vien 58', 'NU', date'2002-03-26', '1 Blackbird Junction', '9292456313', '1000', '100', 'NHAN VIEN', NULL, NULL);
insert into NHANVIEN (MANV, TENNV, PHAI, NGAYSINH , DIACHI, SODT, LUONG, PHUCAP, VAITRO, MANQL, PHG) values ('NV059', 'Ten Nhan Vien 59', 'NAM', date'2002-04-08', '3979 Prentice Terrace', '9013980858', '1000', '100', 'NHAN VIEN', NULL, NULL);
insert into NHANVIEN (MANV, TENNV, PHAI, NGAYSINH , DIACHI, SODT, LUONG, PHUCAP, VAITRO, MANQL, PHG) values ('NV060', 'Ten Nhan Vien 60', 'NU', date'2002-03-02', '9701 Sheridan Plaza', '4468536685', '1000', '100', 'NHAN VIEN', NULL, NULL);
insert into NHANVIEN (MANV, TENNV, PHAI, NGAYSINH , DIACHI, SODT, LUONG, PHUCAP, VAITRO, MANQL, PHG) values ('NV061', 'Ten Nhan Vien 61', 'NAM', date'2002-07-02', '0103 Kingsford Park', '5708358137', '1000', '100', 'NHAN VIEN', NULL, NULL);
insert into NHANVIEN (MANV, TENNV, PHAI, NGAYSINH , DIACHI, SODT, LUONG, PHUCAP, VAITRO, MANQL, PHG) values ('NV062', 'Ten Nhan Vien 62', 'NU', date'2002-11-12', '32 1st Lane', '6791615068', '1000', '100', 'NHAN VIEN', NULL, NULL);
insert into NHANVIEN (MANV, TENNV, PHAI, NGAYSINH , DIACHI, SODT, LUONG, PHUCAP, VAITRO, MANQL, PHG) values ('NV063', 'Ten Nhan Vien 63', 'NAM', date'2002-05-31', '43961 Jenna Alley', '1843140515', '1000', '100', 'NHAN VIEN', NULL, NULL);
insert into NHANVIEN (MANV, TENNV, PHAI, NGAYSINH , DIACHI, SODT, LUONG, PHUCAP, VAITRO, MANQL, PHG) values ('NV064', 'Ten Nhan Vien 64', 'NU', date'2002-05-06', '9948 Utah Court', '6741695907', '1000', '100', 'NHAN VIEN', NULL, NULL);
insert into NHANVIEN (MANV, TENNV, PHAI, NGAYSINH , DIACHI, SODT, LUONG, PHUCAP, VAITRO, MANQL, PHG) values ('NV065', 'Ten Nhan Vien 65', 'NAM', date'2002-06-02', '44 Thierer Park', '6582839826', '1000', '100', 'NHAN VIEN', NULL, NULL);
insert into NHANVIEN (MANV, TENNV, PHAI, NGAYSINH , DIACHI, SODT, LUONG, PHUCAP, VAITRO, MANQL, PHG) values ('NV066', 'Ten Nhan Vien 66', 'NU', date'2002-07-06', '4646 Village Green Place', '5209710262', '1000', '100', 'NHAN VIEN', NULL, NULL);
insert into NHANVIEN (MANV, TENNV, PHAI, NGAYSINH , DIACHI, SODT, LUONG, PHUCAP, VAITRO, MANQL, PHG) values ('NV067', 'Ten Nhan Vien 67', 'NAM', date'2002-09-16', '5 Northview Pass', '7415305070', '1000', '100', 'NHAN VIEN', NULL, NULL);
insert into NHANVIEN (MANV, TENNV, PHAI, NGAYSINH , DIACHI, SODT, LUONG, PHUCAP, VAITRO, MANQL, PHG) values ('NV068', 'Ten Nhan Vien 68', 'NU', date'2002-01-29', '1804 Fisk Park', '2547766160', '1000', '100', 'NHAN VIEN', NULL, NULL);
insert into NHANVIEN (MANV, TENNV, PHAI, NGAYSINH , DIACHI, SODT, LUONG, PHUCAP, VAITRO, MANQL, PHG) values ('NV069', 'Ten Nhan Vien 69', 'NAM', date'2002-11-22', '9 Schmedeman Court', '4766055509', '1000', '100', 'NHAN VIEN', NULL, NULL);
insert into NHANVIEN (MANV, TENNV, PHAI, NGAYSINH , DIACHI, SODT, LUONG, PHUCAP, VAITRO, MANQL, PHG) values ('NV070', 'Ten Nhan Vien 70', 'NU', date'2002-07-13', '5 Birchwood Lane', '8957763103', '1000', '100', 'NHAN VIEN', NULL, NULL);
insert into NHANVIEN (MANV, TENNV, PHAI, NGAYSINH , DIACHI, SODT, LUONG, PHUCAP, VAITRO, MANQL, PHG) values ('NV071', 'Ten Nhan Vien 71', 'NAM', date'2002-11-17', '6344 Morning Crossing', '7232453194', '1000', '100', 'NHAN VIEN', NULL, NULL);
insert into NHANVIEN (MANV, TENNV, PHAI, NGAYSINH , DIACHI, SODT, LUONG, PHUCAP, VAITRO, MANQL, PHG) values ('NV072', 'Ten Nhan Vien 72', 'NU', date'2002-09-09', '7 Burrows Lane', '2978530988', '1000', '100', 'NHAN VIEN', NULL, NULL);
insert into NHANVIEN (MANV, TENNV, PHAI, NGAYSINH , DIACHI, SODT, LUONG, PHUCAP, VAITRO, MANQL, PHG) values ('NV073', 'Ten Nhan Vien 73', 'NAM', date'2002-01-11', '02138 Morning Alley', '5116770883', '1000', '100', 'NHAN VIEN', NULL, NULL);
insert into NHANVIEN (MANV, TENNV, PHAI, NGAYSINH , DIACHI, SODT, LUONG, PHUCAP, VAITRO, MANQL, PHG) values ('NV074', 'Ten Nhan Vien 74', 'NU', date'2002-05-31', '32 Southridge Lane', '1052030835', '1000', '100', 'NHAN VIEN', NULL, NULL);
insert into NHANVIEN (MANV, TENNV, PHAI, NGAYSINH , DIACHI, SODT, LUONG, PHUCAP, VAITRO, MANQL, PHG) values ('NV075', 'Ten Nhan Vien 75', 'NAM', date'2002-10-18', '11899 Debra Terrace', '8789171553', '1000', '100', 'NHAN VIEN', NULL, NULL);
insert into NHANVIEN (MANV, TENNV, PHAI, NGAYSINH , DIACHI, SODT, LUONG, PHUCAP, VAITRO, MANQL, PHG) values ('NV076', 'Ten Nhan Vien 76', 'NU', date'2002-12-15', '79 Northfield Hill', '3794325487', '1000', '100', 'NHAN VIEN', NULL, NULL);
insert into NHANVIEN (MANV, TENNV, PHAI, NGAYSINH , DIACHI, SODT, LUONG, PHUCAP, VAITRO, MANQL, PHG) values ('NV077', 'Ten Nhan Vien 77', 'NAM', date'2002-07-26', '742 Eastlawn Court', '9323681530', '1000', '100', 'NHAN VIEN', NULL, NULL);
insert into NHANVIEN (MANV, TENNV, PHAI, NGAYSINH , DIACHI, SODT, LUONG, PHUCAP, VAITRO, MANQL, PHG) values ('NV078', 'Ten Nhan Vien 78', 'NU', date'2002-07-10', '01 Northwestern Place', '1842799478', '1000', '100', 'NHAN VIEN', NULL, NULL);
insert into NHANVIEN (MANV, TENNV, PHAI, NGAYSINH , DIACHI, SODT, LUONG, PHUCAP, VAITRO, MANQL, PHG) values ('NV079', 'Ten Nhan Vien 79', 'NAM', date'2002-11-05', '17 Portage Pass', '9067610024', '1000', '100', 'NHAN VIEN', NULL, NULL);
insert into NHANVIEN (MANV, TENNV, PHAI, NGAYSINH , DIACHI, SODT, LUONG, PHUCAP, VAITRO, MANQL, PHG) values ('NV080', 'Ten Nhan Vien 80', 'NU', date'2002-12-04', '0633 Moland Junction', '4508495384', '1000', '100', 'NHAN VIEN', NULL, NULL);
insert into NHANVIEN (MANV, TENNV, PHAI, NGAYSINH , DIACHI, SODT, LUONG, PHUCAP, VAITRO, MANQL, PHG) values ('NV081', 'Ten Nhan Vien 81', 'NAM', date'2002-12-16', '41980 Carey Street', '2083306247', '1000', '100', 'NHAN VIEN', NULL, NULL);
insert into NHANVIEN (MANV, TENNV, PHAI, NGAYSINH , DIACHI, SODT, LUONG, PHUCAP, VAITRO, MANQL, PHG) values ('NV082', 'Ten Nhan Vien 82', 'NU', date'2002-11-03', '298 Esch Lane', '3842181089', '1000', '100', 'NHAN VIEN', NULL, NULL);
insert into NHANVIEN (MANV, TENNV, PHAI, NGAYSINH , DIACHI, SODT, LUONG, PHUCAP, VAITRO, MANQL, PHG) values ('NV083', 'Ten Nhan Vien 83', 'NAM', date'2002-01-10', '3858 Union Avenue', '7016116153', '1000', '100', 'NHAN VIEN', NULL, NULL);
insert into NHANVIEN (MANV, TENNV, PHAI, NGAYSINH , DIACHI, SODT, LUONG, PHUCAP, VAITRO, MANQL, PHG) values ('NV084', 'Ten Nhan Vien 84', 'NU', date'2002-07-22', '6 Green Ridge Hill', '4341175229', '1000', '100', 'NHAN VIEN', NULL, NULL);
insert into NHANVIEN (MANV, TENNV, PHAI, NGAYSINH , DIACHI, SODT, LUONG, PHUCAP, VAITRO, MANQL, PHG) values ('NV085', 'Ten Nhan Vien 85', 'NAM', date'2002-03-08', '833 Oak Street', '3191560225', '1000', '100', 'NHAN VIEN', NULL, NULL);
insert into NHANVIEN (MANV, TENNV, PHAI, NGAYSINH , DIACHI, SODT, LUONG, PHUCAP, VAITRO, MANQL, PHG) values ('NV086', 'Ten Nhan Vien 86', 'NU', date'2002-03-18', '4148 Kedzie Way', '9931888929', '1000', '100', 'NHAN VIEN', NULL, NULL);
insert into NHANVIEN (MANV, TENNV, PHAI, NGAYSINH , DIACHI, SODT, LUONG, PHUCAP, VAITRO, MANQL, PHG) values ('NV087', 'Ten Nhan Vien 87', 'NAM', date'2002-09-13', '39 Thackeray Trail', '9729135337', '1000', '100', 'NHAN VIEN', NULL, NULL);
insert into NHANVIEN (MANV, TENNV, PHAI, NGAYSINH , DIACHI, SODT, LUONG, PHUCAP, VAITRO, MANQL, PHG) values ('NV088', 'Ten Nhan Vien 88', 'NU', date'2002-02-02', '94 Rutledge Junction', '2224799249', '1000', '100', 'NHAN VIEN', NULL, NULL);
insert into NHANVIEN (MANV, TENNV, PHAI, NGAYSINH , DIACHI, SODT, LUONG, PHUCAP, VAITRO, MANQL, PHG) values ('NV089', 'Ten Nhan Vien 89', 'NAM', date'2002-09-28', '70607 Marquette Park', '5627357369', '1000', '100', 'NHAN VIEN', NULL, NULL);
insert into NHANVIEN (MANV, TENNV, PHAI, NGAYSINH , DIACHI, SODT, LUONG, PHUCAP, VAITRO, MANQL, PHG) values ('NV090', 'Ten Nhan Vien 90', 'NU', date'2002-02-12', '094 New Castle Drive', '9826954699', '1000', '100', 'NHAN VIEN', NULL, NULL);
insert into NHANVIEN (MANV, TENNV, PHAI, NGAYSINH , DIACHI, SODT, LUONG, PHUCAP, VAITRO, MANQL, PHG) values ('NV091', 'Ten Nhan Vien 91', 'NAM', date'2002-12-01', '716 Almo Lane', '9077287475', '1000', '100', 'NHAN VIEN', NULL, NULL);
insert into NHANVIEN (MANV, TENNV, PHAI, NGAYSINH , DIACHI, SODT, LUONG, PHUCAP, VAITRO, MANQL, PHG) values ('NV092', 'Ten Nhan Vien 92', 'NU', date'2002-01-20', '65055 Starling Terrace', '1362261617', '1000', '100', 'NHAN VIEN', NULL, NULL);
insert into NHANVIEN (MANV, TENNV, PHAI, NGAYSINH , DIACHI, SODT, LUONG, PHUCAP, VAITRO, MANQL, PHG) values ('NV093', 'Ten Nhan Vien 93', 'NAM', date'2002-09-01', '453 Dexter Trail', '2607965873', '1000', '100', 'NHAN VIEN', NULL, NULL);
insert into NHANVIEN (MANV, TENNV, PHAI, NGAYSINH , DIACHI, SODT, LUONG, PHUCAP, VAITRO, MANQL, PHG) values ('NV094', 'Ten Nhan Vien 94', 'NU', date'2002-05-12', '40 Judy Parkway', '5384226188', '1000', '100', 'NHAN VIEN', NULL, NULL);
insert into NHANVIEN (MANV, TENNV, PHAI, NGAYSINH , DIACHI, SODT, LUONG, PHUCAP, VAITRO, MANQL, PHG) values ('NV095', 'Ten Nhan Vien 95', 'NAM', date'2002-07-05', '89 2nd Center', '3845195124', '1000', '100', 'NHAN VIEN', NULL, NULL);
insert into NHANVIEN (MANV, TENNV, PHAI, NGAYSINH , DIACHI, SODT, LUONG, PHUCAP, VAITRO, MANQL, PHG) values ('NV096', 'Ten Nhan Vien 96', 'NU', date'2002-10-07', '75452 Almo Trail', '4257109033', '1000', '100', 'NHAN VIEN', NULL, NULL);
insert into NHANVIEN (MANV, TENNV, PHAI, NGAYSINH , DIACHI, SODT, LUONG, PHUCAP, VAITRO, MANQL, PHG) values ('NV097', 'Ten Nhan Vien 97', 'NAM', date'2002-05-09', '1 Tennessee Plaza', '2644720442', '1000', '100', 'NHAN VIEN', NULL, NULL);
insert into NHANVIEN (MANV, TENNV, PHAI, NGAYSINH , DIACHI, SODT, LUONG, PHUCAP, VAITRO, MANQL, PHG) values ('NV098', 'Ten Nhan Vien 98', 'NU', date'2002-02-20', '0 Melrose Circle', '5983175999', '1000', '100', 'NHAN VIEN', NULL, NULL);
insert into NHANVIEN (MANV, TENNV, PHAI, NGAYSINH , DIACHI, SODT, LUONG, PHUCAP, VAITRO, MANQL, PHG) values ('NV099', 'Ten Nhan Vien 99', 'NAM', date'2002-02-07', '39 Farragut Park', '8947164156', '1000', '100', 'NHAN VIEN', NULL, NULL);
insert into NHANVIEN (MANV, TENNV, PHAI, NGAYSINH , DIACHI, SODT, LUONG, PHUCAP, VAITRO, MANQL, PHG) values ('NV100', 'Ten Nhan Vien 100', 'NU', date'2002-01-08', '9961 Dennis Parkway', '4695205655', '1000', '100', 'NHAN VIEN', NULL, NULL);
insert into NHANVIEN (MANV, TENNV, PHAI, NGAYSINH , DIACHI, SODT, LUONG, PHUCAP, VAITRO, MANQL, PHG) values ('NV101', 'Ten Nhan Vien 101', 'NAM', date'2002-09-25', '580 Ruskin Center', '9173877945', '1000', '100', 'NHAN VIEN', NULL, NULL);
insert into NHANVIEN (MANV, TENNV, PHAI, NGAYSINH , DIACHI, SODT, LUONG, PHUCAP, VAITRO, MANQL, PHG) values ('NV102', 'Ten Nhan Vien 102', 'NU', date'2002-06-20', '7 Dayton Road', '6181356165', '1000', '100', 'NHAN VIEN', NULL, NULL);
insert into NHANVIEN (MANV, TENNV, PHAI, NGAYSINH , DIACHI, SODT, LUONG, PHUCAP, VAITRO, MANQL, PHG) values ('NV103', 'Ten Nhan Vien 103', 'NAM', date'2002-08-27', '2 Elka Parkway', '4301101606', '1000', '100', 'NHAN VIEN', NULL, NULL);
insert into NHANVIEN (MANV, TENNV, PHAI, NGAYSINH , DIACHI, SODT, LUONG, PHUCAP, VAITRO, MANQL, PHG) values ('NV104', 'Ten Nhan Vien 104', 'NU', date'2002-01-05', '9927 Pennsylvania Way', '2583292457', '1000', '100', 'NHAN VIEN', NULL, NULL);
insert into NHANVIEN (MANV, TENNV, PHAI, NGAYSINH , DIACHI, SODT, LUONG, PHUCAP, VAITRO, MANQL, PHG) values ('NV105', 'Ten Nhan Vien 105', 'NAM', date'2002-04-22', '5540 Northridge Trail', '3728858526', '1000', '100', 'NHAN VIEN', NULL, NULL);
insert into NHANVIEN (MANV, TENNV, PHAI, NGAYSINH , DIACHI, SODT, LUONG, PHUCAP, VAITRO, MANQL, PHG) values ('NV106', 'Ten Nhan Vien 106', 'NU', date'2002-05-04', '20573 Sachs Street', '7192976918', '1000', '100', 'NHAN VIEN', NULL, NULL);
insert into NHANVIEN (MANV, TENNV, PHAI, NGAYSINH , DIACHI, SODT, LUONG, PHUCAP, VAITRO, MANQL, PHG) values ('NV107', 'Ten Nhan Vien 107', 'NAM', date'2002-09-06', '804 Stephen Lane', '3351644875', '1000', '100', 'NHAN VIEN', NULL, NULL);
insert into NHANVIEN (MANV, TENNV, PHAI, NGAYSINH , DIACHI, SODT, LUONG, PHUCAP, VAITRO, MANQL, PHG) values ('NV108', 'Ten Nhan Vien 108', 'NU', date'2002-12-21', '135 Waxwing Alley', '2116157676', '1000', '100', 'NHAN VIEN', NULL, NULL);
insert into NHANVIEN (MANV, TENNV, PHAI, NGAYSINH , DIACHI, SODT, LUONG, PHUCAP, VAITRO, MANQL, PHG) values ('NV109', 'Ten Nhan Vien 109', 'NAM', date'2002-11-14', '783 Fairfield Parkway', '5436606509', '1000', '100', 'NHAN VIEN', NULL, NULL);
insert into NHANVIEN (MANV, TENNV, PHAI, NGAYSINH , DIACHI, SODT, LUONG, PHUCAP, VAITRO, MANQL, PHG) values ('NV110', 'Ten Nhan Vien 110', 'NU', date'2002-01-04', '63 Drewry Court', '4084873208', '1000', '100', 'NHAN VIEN', NULL, NULL);
insert into NHANVIEN (MANV, TENNV, PHAI, NGAYSINH , DIACHI, SODT, LUONG, PHUCAP, VAITRO, MANQL, PHG) values ('NV111', 'Ten Nhan Vien 111', 'NAM', date'2002-04-13', '91 Arrowood Alley', '7615373815', '1000', '100', 'NHAN VIEN', NULL, NULL);
insert into NHANVIEN (MANV, TENNV, PHAI, NGAYSINH , DIACHI, SODT, LUONG, PHUCAP, VAITRO, MANQL, PHG) values ('NV112', 'Ten Nhan Vien 112', 'NU', date'2002-07-13', '0 Hagan Avenue', '8002393648', '1000', '100', 'NHAN VIEN', NULL, NULL);
insert into NHANVIEN (MANV, TENNV, PHAI, NGAYSINH , DIACHI, SODT, LUONG, PHUCAP, VAITRO, MANQL, PHG) values ('NV113', 'Ten Nhan Vien 113', 'NAM', date'2002-11-05', '4 Talisman Park', '5863240025', '1000', '100', 'NHAN VIEN', NULL, NULL);
insert into NHANVIEN (MANV, TENNV, PHAI, NGAYSINH , DIACHI, SODT, LUONG, PHUCAP, VAITRO, MANQL, PHG) values ('NV114', 'Ten Nhan Vien 114', 'NU', date'2002-06-04', '63380 Superior Crossing', '1663828149', '1000', '100', 'NHAN VIEN', NULL, NULL);
insert into NHANVIEN (MANV, TENNV, PHAI, NGAYSINH , DIACHI, SODT, LUONG, PHUCAP, VAITRO, MANQL, PHG) values ('NV115', 'Ten Nhan Vien 115', 'NAM', date'2002-07-31', '6593 Nelson Crossing', '6221066436', '1000', '100', 'NHAN VIEN', NULL, NULL);
insert into NHANVIEN (MANV, TENNV, PHAI, NGAYSINH , DIACHI, SODT, LUONG, PHUCAP, VAITRO, MANQL, PHG) values ('NV116', 'Ten Nhan Vien 116', 'NU', date'2002-07-15', '5936 Linden Avenue', '3585159675', '1000', '100', 'NHAN VIEN', NULL, NULL);
insert into NHANVIEN (MANV, TENNV, PHAI, NGAYSINH , DIACHI, SODT, LUONG, PHUCAP, VAITRO, MANQL, PHG) values ('NV117', 'Ten Nhan Vien 117', 'NAM', date'2002-01-22', '1 Mallard Street', '3114107777', '1000', '100', 'NHAN VIEN', NULL, NULL);
insert into NHANVIEN (MANV, TENNV, PHAI, NGAYSINH , DIACHI, SODT, LUONG, PHUCAP, VAITRO, MANQL, PHG) values ('NV118', 'Ten Nhan Vien 118', 'NU', date'2002-11-08', '1770 Tennessee Center', '6505444480', '1000', '100', 'NHAN VIEN', NULL, NULL);
insert into NHANVIEN (MANV, TENNV, PHAI, NGAYSINH , DIACHI, SODT, LUONG, PHUCAP, VAITRO, MANQL, PHG) values ('NV119', 'Ten Nhan Vien 119', 'NAM', date'2002-04-01', '40 Elka Parkway', '8272550604', '1000', '100', 'NHAN VIEN', NULL, NULL);
insert into NHANVIEN (MANV, TENNV, PHAI, NGAYSINH , DIACHI, SODT, LUONG, PHUCAP, VAITRO, MANQL, PHG) values ('NV120', 'Ten Nhan Vien 120', 'NU', date'2002-08-05', '7 Forest Run Trail', '9497864569', '1000', '100', 'NHAN VIEN', NULL, NULL);
insert into NHANVIEN (MANV, TENNV, PHAI, NGAYSINH , DIACHI, SODT, LUONG, PHUCAP, VAITRO, MANQL, PHG) values ('NV121', 'Ten Nhan Vien 121', 'NAM', date'2002-12-16', '43 Melby Terrace', '8742243173', '1000', '100', 'NHAN VIEN', NULL, NULL);
insert into NHANVIEN (MANV, TENNV, PHAI, NGAYSINH , DIACHI, SODT, LUONG, PHUCAP, VAITRO, MANQL, PHG) values ('NV122', 'Ten Nhan Vien 122', 'NU', date'2002-06-24', '5 Stone Corner Lane', '5716409256', '1000', '100', 'NHAN VIEN', NULL, NULL);
insert into NHANVIEN (MANV, TENNV, PHAI, NGAYSINH , DIACHI, SODT, LUONG, PHUCAP, VAITRO, MANQL, PHG) values ('NV123', 'Ten Nhan Vien 123', 'NAM', date'2002-10-26', '19 Tennessee Street', '1957861552', '1000', '100', 'NHAN VIEN', NULL, NULL);
insert into NHANVIEN (MANV, TENNV, PHAI, NGAYSINH , DIACHI, SODT, LUONG, PHUCAP, VAITRO, MANQL, PHG) values ('NV124', 'Ten Nhan Vien 124', 'NU', date'2002-01-13', '3 Manufacturers Parkway', '1773251575', '1000', '100', 'NHAN VIEN', NULL, NULL);
insert into NHANVIEN (MANV, TENNV, PHAI, NGAYSINH , DIACHI, SODT, LUONG, PHUCAP, VAITRO, MANQL, PHG) values ('NV125', 'Ten Nhan Vien 125', 'NAM', date'2002-05-20', '196 Katie Park', '7169650583', '1000', '100', 'NHAN VIEN', NULL, NULL);
insert into NHANVIEN (MANV, TENNV, PHAI, NGAYSINH , DIACHI, SODT, LUONG, PHUCAP, VAITRO, MANQL, PHG) values ('NV126', 'Ten Nhan Vien 126', 'NU', date'2002-06-05', '6337 Pierstorff Terrace', '5877701145', '1000', '100', 'NHAN VIEN', NULL, NULL);
insert into NHANVIEN (MANV, TENNV, PHAI, NGAYSINH , DIACHI, SODT, LUONG, PHUCAP, VAITRO, MANQL, PHG) values ('NV127', 'Ten Nhan Vien 127', 'NAM', date'2002-07-26', '4 Knutson Street', '5242253208', '1000', '100', 'NHAN VIEN', NULL, NULL);
insert into NHANVIEN (MANV, TENNV, PHAI, NGAYSINH , DIACHI, SODT, LUONG, PHUCAP, VAITRO, MANQL, PHG) values ('NV128', 'Ten Nhan Vien 128', 'NU', date'2002-07-25', '3535 Trailsway Junction', '6609167666', '1000', '100', 'NHAN VIEN', NULL, NULL);
insert into NHANVIEN (MANV, TENNV, PHAI, NGAYSINH , DIACHI, SODT, LUONG, PHUCAP, VAITRO, MANQL, PHG) values ('NV129', 'Ten Nhan Vien 129', 'NAM', date'2002-11-19', '59 Mariners Cove Parkway', '8317422679', '1000', '100', 'NHAN VIEN', NULL, NULL);
insert into NHANVIEN (MANV, TENNV, PHAI, NGAYSINH , DIACHI, SODT, LUONG, PHUCAP, VAITRO, MANQL, PHG) values ('NV130', 'Ten Nhan Vien 130', 'NU', date'2002-09-01', '631 Independence Parkway', '7587038244', '1000', '100', 'NHAN VIEN', NULL, NULL);
insert into NHANVIEN (MANV, TENNV, PHAI, NGAYSINH , DIACHI, SODT, LUONG, PHUCAP, VAITRO, MANQL, PHG) values ('NV131', 'Ten Nhan Vien 131', 'NAM', date'2002-06-11', '101 Pierstorff Avenue', '4588777957', '1000', '100', 'NHAN VIEN', NULL, NULL);
insert into NHANVIEN (MANV, TENNV, PHAI, NGAYSINH , DIACHI, SODT, LUONG, PHUCAP, VAITRO, MANQL, PHG) values ('NV132', 'Ten Nhan Vien 132', 'NU', date'2002-07-15', '5 Ridgeview Plaza', '6632849992', '1000', '100', 'NHAN VIEN', NULL, NULL);
insert into NHANVIEN (MANV, TENNV, PHAI, NGAYSINH , DIACHI, SODT, LUONG, PHUCAP, VAITRO, MANQL, PHG) values ('NV133', 'Ten Nhan Vien 133', 'NAM', date'2002-09-26', '7841 Sachs Parkway', '2523839697', '1000', '100', 'NHAN VIEN', NULL, NULL);
insert into NHANVIEN (MANV, TENNV, PHAI, NGAYSINH , DIACHI, SODT, LUONG, PHUCAP, VAITRO, MANQL, PHG) values ('NV134', 'Ten Nhan Vien 134', 'NU', date'2002-04-06', '3358 Glacier Hill Lane', '6101900884', '1000', '100', 'NHAN VIEN', NULL, NULL);
insert into NHANVIEN (MANV, TENNV, PHAI, NGAYSINH , DIACHI, SODT, LUONG, PHUCAP, VAITRO, MANQL, PHG) values ('NV135', 'Ten Nhan Vien 135', 'NAM', date'2002-03-06', '8310 Eastwood Avenue', '2111579604', '1000', '100', 'NHAN VIEN', NULL, NULL);
insert into NHANVIEN (MANV, TENNV, PHAI, NGAYSINH , DIACHI, SODT, LUONG, PHUCAP, VAITRO, MANQL, PHG) values ('NV136', 'Ten Nhan Vien 136', 'NU', date'2002-02-22', '726 Ridgeway Junction', '5681681194', '1000', '100', 'NHAN VIEN', NULL, NULL);
insert into NHANVIEN (MANV, TENNV, PHAI, NGAYSINH , DIACHI, SODT, LUONG, PHUCAP, VAITRO, MANQL, PHG) values ('NV137', 'Ten Nhan Vien 137', 'NAM', date'2002-11-24', '5 Weeping Birch Circle', '7862634660', '1000', '100', 'NHAN VIEN', NULL, NULL);
insert into NHANVIEN (MANV, TENNV, PHAI, NGAYSINH , DIACHI, SODT, LUONG, PHUCAP, VAITRO, MANQL, PHG) values ('NV138', 'Ten Nhan Vien 138', 'NU', date'2002-02-25', '943 Heffernan Point', '9716022943', '1000', '100', 'NHAN VIEN', NULL, NULL);
insert into NHANVIEN (MANV, TENNV, PHAI, NGAYSINH , DIACHI, SODT, LUONG, PHUCAP, VAITRO, MANQL, PHG) values ('NV139', 'Ten Nhan Vien 139', 'NAM', date'2002-11-07', '452 Dixon Avenue', '7714451545', '1000', '100', 'NHAN VIEN', NULL, NULL);
insert into NHANVIEN (MANV, TENNV, PHAI, NGAYSINH , DIACHI, SODT, LUONG, PHUCAP, VAITRO, MANQL, PHG) values ('NV140', 'Ten Nhan Vien 140', 'NU', date'2002-09-11', '9 Eastwood Way', '4136347504', '1000', '100', 'NHAN VIEN', NULL, NULL);
insert into NHANVIEN (MANV, TENNV, PHAI, NGAYSINH , DIACHI, SODT, LUONG, PHUCAP, VAITRO, MANQL, PHG) values ('NV141', 'Ten Nhan Vien 141', 'NAM', date'2002-10-18', '6 Mendota Street', '5019947824', '1000', '100', 'NHAN VIEN', NULL, NULL);
insert into NHANVIEN (MANV, TENNV, PHAI, NGAYSINH , DIACHI, SODT, LUONG, PHUCAP, VAITRO, MANQL, PHG) values ('NV142', 'Ten Nhan Vien 142', 'NU', date'2002-12-15', '33224 Westend Road', '5103496131', '1000', '100', 'NHAN VIEN', NULL, NULL);
insert into NHANVIEN (MANV, TENNV, PHAI, NGAYSINH , DIACHI, SODT, LUONG, PHUCAP, VAITRO, MANQL, PHG) values ('NV143', 'Ten Nhan Vien 143', 'NAM', date'2002-01-16', '0 Blaine Junction', '9375391554', '1000', '100', 'NHAN VIEN', NULL, NULL);
insert into NHANVIEN (MANV, TENNV, PHAI, NGAYSINH , DIACHI, SODT, LUONG, PHUCAP, VAITRO, MANQL, PHG) values ('NV144', 'Ten Nhan Vien 144', 'NU', date'2002-12-12', '2300 Delladonna Street', '9413203581', '1000', '100', 'NHAN VIEN', NULL, NULL);
insert into NHANVIEN (MANV, TENNV, PHAI, NGAYSINH , DIACHI, SODT, LUONG, PHUCAP, VAITRO, MANQL, PHG) values ('NV145', 'Ten Nhan Vien 145', 'NAM', date'2002-09-05', '98 New Castle Lane', '7296117377', '1000', '100', 'NHAN VIEN', NULL, NULL);
insert into NHANVIEN (MANV, TENNV, PHAI, NGAYSINH , DIACHI, SODT, LUONG, PHUCAP, VAITRO, MANQL, PHG) values ('NV146', 'Ten Nhan Vien 146', 'NU', date'2002-09-23', '3942 Linden Junction', '5108040450', '1000', '100', 'NHAN VIEN', NULL, NULL);
insert into NHANVIEN (MANV, TENNV, PHAI, NGAYSINH , DIACHI, SODT, LUONG, PHUCAP, VAITRO, MANQL, PHG) values ('NV147', 'Ten Nhan Vien 147', 'NAM', date'2002-12-18', '0897 Briar Crest Junction', '3745055095', '1000', '100', 'NHAN VIEN', NULL, NULL);
insert into NHANVIEN (MANV, TENNV, PHAI, NGAYSINH , DIACHI, SODT, LUONG, PHUCAP, VAITRO, MANQL, PHG) values ('NV148', 'Ten Nhan Vien 148', 'NU', date'2002-05-18', '9291 Bay Circle', '2648722518', '1000', '100', 'NHAN VIEN', NULL, NULL);
insert into NHANVIEN (MANV, TENNV, PHAI, NGAYSINH , DIACHI, SODT, LUONG, PHUCAP, VAITRO, MANQL, PHG) values ('NV149', 'Ten Nhan Vien 149', 'NAM', date'2002-12-07', '04 8th Crossing', '4419041508', '1000', '100', 'NHAN VIEN', NULL, NULL);
insert into NHANVIEN (MANV, TENNV, PHAI, NGAYSINH , DIACHI, SODT, LUONG, PHUCAP, VAITRO, MANQL, PHG) values ('NV150', 'Ten Nhan Vien 150', 'NU', date'2002-12-21', '27 Schmedeman Parkway', '6776960832', '1000', '100', 'NHAN VIEN', NULL, NULL);
insert into NHANVIEN (MANV, TENNV, PHAI, NGAYSINH , DIACHI, SODT, LUONG, PHUCAP, VAITRO, MANQL, PHG) values ('NV151', 'Ten Nhan Vien 151', 'NAM', date'2002-11-08', '1517 Kennedy Lane', '4113347223', '1000', '100', 'NHAN VIEN', NULL, NULL);
insert into NHANVIEN (MANV, TENNV, PHAI, NGAYSINH , DIACHI, SODT, LUONG, PHUCAP, VAITRO, MANQL, PHG) values ('NV152', 'Ten Nhan Vien 152', 'NU', date'2002-11-25', '31626 Roxbury Lane', '7873481224', '1000', '100', 'NHAN VIEN', NULL, NULL);
insert into NHANVIEN (MANV, TENNV, PHAI, NGAYSINH , DIACHI, SODT, LUONG, PHUCAP, VAITRO, MANQL, PHG) values ('NV153', 'Ten Nhan Vien 153', 'NAM', date'2002-01-01', '79 Hanson Road', '6551354156', '1000', '100', 'NHAN VIEN', NULL, NULL);
insert into NHANVIEN (MANV, TENNV, PHAI, NGAYSINH , DIACHI, SODT, LUONG, PHUCAP, VAITRO, MANQL, PHG) values ('NV154', 'Ten Nhan Vien 154', 'NU', date'2002-02-01', '890 Forest Run Park', '3135653849', '1000', '100', 'NHAN VIEN', NULL, NULL);
insert into NHANVIEN (MANV, TENNV, PHAI, NGAYSINH , DIACHI, SODT, LUONG, PHUCAP, VAITRO, MANQL, PHG) values ('NV155', 'Ten Nhan Vien 155', 'NAM', date'2002-06-26', '3938 Derek Street', '4657975082', '1000', '100', 'NHAN VIEN', NULL, NULL);
insert into NHANVIEN (MANV, TENNV, PHAI, NGAYSINH , DIACHI, SODT, LUONG, PHUCAP, VAITRO, MANQL, PHG) values ('NV156', 'Ten Nhan Vien 156', 'NU', date'2002-12-29', '32 Kedzie Trail', '5528403105', '1000', '100', 'NHAN VIEN', NULL, NULL);
insert into NHANVIEN (MANV, TENNV, PHAI, NGAYSINH , DIACHI, SODT, LUONG, PHUCAP, VAITRO, MANQL, PHG) values ('NV157', 'Ten Nhan Vien 157', 'NAM', date'2002-04-24', '24393 Dwight Point', '8964505833', '1000', '100', 'NHAN VIEN', NULL, NULL);
insert into NHANVIEN (MANV, TENNV, PHAI, NGAYSINH , DIACHI, SODT, LUONG, PHUCAP, VAITRO, MANQL, PHG) values ('NV158', 'Ten Nhan Vien 158', 'NU', date'2002-05-25', '9 Aberg Pass', '6993542150', '1000', '100', 'NHAN VIEN', NULL, NULL);
insert into NHANVIEN (MANV, TENNV, PHAI, NGAYSINH , DIACHI, SODT, LUONG, PHUCAP, VAITRO, MANQL, PHG) values ('NV159', 'Ten Nhan Vien 159', 'NAM', date'2002-04-05', '19 Bartillon Alley', '2175326476', '1000', '100', 'NHAN VIEN', NULL, NULL);
insert into NHANVIEN (MANV, TENNV, PHAI, NGAYSINH , DIACHI, SODT, LUONG, PHUCAP, VAITRO, MANQL, PHG) values ('NV160', 'Ten Nhan Vien 160', 'NU', date'2002-10-15', '95 Hollow Ridge Way', '9308057921', '1000', '100', 'NHAN VIEN', NULL, NULL);
insert into NHANVIEN (MANV, TENNV, PHAI, NGAYSINH , DIACHI, SODT, LUONG, PHUCAP, VAITRO, MANQL, PHG) values ('NV161', 'Ten Nhan Vien 161', 'NAM', date'2002-12-04', '925 Talisman Junction', '4597938952', '1000', '100', 'NHAN VIEN', NULL, NULL);
insert into NHANVIEN (MANV, TENNV, PHAI, NGAYSINH , DIACHI, SODT, LUONG, PHUCAP, VAITRO, MANQL, PHG) values ('NV162', 'Ten Nhan Vien 162', 'NU', date'2002-04-06', '98694 Laurel Terrace', '9963808509', '1000', '100', 'NHAN VIEN', NULL, NULL);
insert into NHANVIEN (MANV, TENNV, PHAI, NGAYSINH , DIACHI, SODT, LUONG, PHUCAP, VAITRO, MANQL, PHG) values ('NV163', 'Ten Nhan Vien 163', 'NAM', date'2002-03-29', '2966 Division Parkway', '3925398482', '1000', '100', 'NHAN VIEN', NULL, NULL);
insert into NHANVIEN (MANV, TENNV, PHAI, NGAYSINH , DIACHI, SODT, LUONG, PHUCAP, VAITRO, MANQL, PHG) values ('NV164', 'Ten Nhan Vien 164', 'NU', date'2002-09-14', '10432 Cambridge Point', '9019311035', '1000', '100', 'NHAN VIEN', NULL, NULL);
insert into NHANVIEN (MANV, TENNV, PHAI, NGAYSINH , DIACHI, SODT, LUONG, PHUCAP, VAITRO, MANQL, PHG) values ('NV165', 'Ten Nhan Vien 165', 'NAM', date'2002-04-10', '23 Dottie Pass', '8438902214', '1000', '100', 'NHAN VIEN', NULL, NULL);
insert into NHANVIEN (MANV, TENNV, PHAI, NGAYSINH , DIACHI, SODT, LUONG, PHUCAP, VAITRO, MANQL, PHG) values ('NV166', 'Ten Nhan Vien 166', 'NU', date'2002-06-12', '004 Hollow Ridge Alley', '7167829236', '1000', '100', 'NHAN VIEN', NULL, NULL);
insert into NHANVIEN (MANV, TENNV, PHAI, NGAYSINH , DIACHI, SODT, LUONG, PHUCAP, VAITRO, MANQL, PHG) values ('NV167', 'Ten Nhan Vien 167', 'NAM', date'2002-06-10', '95 Green Ridge Way', '8823463031', '1000', '100', 'NHAN VIEN', NULL, NULL);
insert into NHANVIEN (MANV, TENNV, PHAI, NGAYSINH , DIACHI, SODT, LUONG, PHUCAP, VAITRO, MANQL, PHG) values ('NV168', 'Ten Nhan Vien 168', 'NU', date'2002-11-12', '46955 Armistice Alley', '9822583668', '1000', '100', 'NHAN VIEN', NULL, NULL);
insert into NHANVIEN (MANV, TENNV, PHAI, NGAYSINH , DIACHI, SODT, LUONG, PHUCAP, VAITRO, MANQL, PHG) values ('NV169', 'Ten Nhan Vien 169', 'NAM', date'2002-05-25', '7 Paget Avenue', '1938011484', '1000', '100', 'NHAN VIEN', NULL, NULL);
insert into NHANVIEN (MANV, TENNV, PHAI, NGAYSINH , DIACHI, SODT, LUONG, PHUCAP, VAITRO, MANQL, PHG) values ('NV170', 'Ten Nhan Vien 170', 'NU', date'2002-06-11', '672 Brown Alley', '9338883352', '1000', '100', 'NHAN VIEN', NULL, NULL);
insert into NHANVIEN (MANV, TENNV, PHAI, NGAYSINH , DIACHI, SODT, LUONG, PHUCAP, VAITRO, MANQL, PHG) values ('NV171', 'Ten Nhan Vien 171', 'NAM', date'2002-07-01', '59 Merrick Trail', '4765556507', '1000', '100', 'NHAN VIEN', NULL, NULL);
insert into NHANVIEN (MANV, TENNV, PHAI, NGAYSINH , DIACHI, SODT, LUONG, PHUCAP, VAITRO, MANQL, PHG) values ('NV172', 'Ten Nhan Vien 172', 'NU', date'2002-08-16', '6748 Acker Plaza', '7647893818', '1000', '100', 'NHAN VIEN', NULL, NULL);
insert into NHANVIEN (MANV, TENNV, PHAI, NGAYSINH , DIACHI, SODT, LUONG, PHUCAP, VAITRO, MANQL, PHG) values ('NV173', 'Ten Nhan Vien 173', 'NAM', date'2002-06-18', '1386 Lawn Trail', '9919992883', '1000', '100', 'NHAN VIEN', NULL, NULL);
insert into NHANVIEN (MANV, TENNV, PHAI, NGAYSINH , DIACHI, SODT, LUONG, PHUCAP, VAITRO, MANQL, PHG) values ('NV174', 'Ten Nhan Vien 174', 'NU', date'2002-01-17', '11144 Forest Run Junction', '5093086793', '1000', '100', 'NHAN VIEN', NULL, NULL);
insert into NHANVIEN (MANV, TENNV, PHAI, NGAYSINH , DIACHI, SODT, LUONG, PHUCAP, VAITRO, MANQL, PHG) values ('NV175', 'Ten Nhan Vien 175', 'NAM', date'2002-04-29', '561 Moulton Trail', '3138896159', '1000', '100', 'NHAN VIEN', NULL, NULL);
insert into NHANVIEN (MANV, TENNV, PHAI, NGAYSINH , DIACHI, SODT, LUONG, PHUCAP, VAITRO, MANQL, PHG) values ('NV176', 'Ten Nhan Vien 176', 'NU', date'2002-11-18', '24636 Weeping Birch Court', '4956648552', '1000', '100', 'NHAN VIEN', NULL, NULL);
insert into NHANVIEN (MANV, TENNV, PHAI, NGAYSINH , DIACHI, SODT, LUONG, PHUCAP, VAITRO, MANQL, PHG) values ('NV177', 'Ten Nhan Vien 177', 'NAM', date'2002-02-06', '8065 Merry Street', '7651402726', '1000', '100', 'NHAN VIEN', NULL, NULL);
insert into NHANVIEN (MANV, TENNV, PHAI, NGAYSINH , DIACHI, SODT, LUONG, PHUCAP, VAITRO, MANQL, PHG) values ('NV178', 'Ten Nhan Vien 178', 'NU', date'2002-01-04', '54637 Little Fleur Park', '1956479275', '1000', '100', 'NHAN VIEN', NULL, NULL);
insert into NHANVIEN (MANV, TENNV, PHAI, NGAYSINH , DIACHI, SODT, LUONG, PHUCAP, VAITRO, MANQL, PHG) values ('NV179', 'Ten Nhan Vien 179', 'NAM', date'2002-03-26', '033 Moulton Lane', '8016052727', '1000', '100', 'NHAN VIEN', NULL, NULL);
insert into NHANVIEN (MANV, TENNV, PHAI, NGAYSINH , DIACHI, SODT, LUONG, PHUCAP, VAITRO, MANQL, PHG) values ('NV180', 'Ten Nhan Vien 180', 'NU', date'2002-02-11', '97 Jenna Road', '1632951643', '1000', '100', 'NHAN VIEN', NULL, NULL);
insert into NHANVIEN (MANV, TENNV, PHAI, NGAYSINH , DIACHI, SODT, LUONG, PHUCAP, VAITRO, MANQL, PHG) values ('NV181', 'Ten Nhan Vien 181', 'NAM', date'2002-04-02', '927 Heath Road', '4351361943', '1000', '100', 'NHAN VIEN', NULL, NULL);
insert into NHANVIEN (MANV, TENNV, PHAI, NGAYSINH , DIACHI, SODT, LUONG, PHUCAP, VAITRO, MANQL, PHG) values ('NV182', 'Ten Nhan Vien 182', 'NU', date'2002-03-22', '0 Leroy Road', '6976673695', '1000', '100', 'NHAN VIEN', NULL, NULL);
insert into NHANVIEN (MANV, TENNV, PHAI, NGAYSINH , DIACHI, SODT, LUONG, PHUCAP, VAITRO, MANQL, PHG) values ('NV183', 'Ten Nhan Vien 183', 'NAM', date'2002-08-02', '5 8th Lane', '4698499497', '1000', '100', 'NHAN VIEN', NULL, NULL);
insert into NHANVIEN (MANV, TENNV, PHAI, NGAYSINH , DIACHI, SODT, LUONG, PHUCAP, VAITRO, MANQL, PHG) values ('NV184', 'Ten Nhan Vien 184', 'NU', date'2002-06-10', '25757 Mallory Hill', '9295631391', '1000', '100', 'NHAN VIEN', NULL, NULL);
insert into NHANVIEN (MANV, TENNV, PHAI, NGAYSINH , DIACHI, SODT, LUONG, PHUCAP, VAITRO, MANQL, PHG) values ('NV185', 'Ten Nhan Vien 185', 'NAM', date'2002-10-05', '47359 Florence Point', '5627434366', '1000', '100', 'NHAN VIEN', NULL, NULL);
insert into NHANVIEN (MANV, TENNV, PHAI, NGAYSINH , DIACHI, SODT, LUONG, PHUCAP, VAITRO, MANQL, PHG) values ('NV186', 'Ten Nhan Vien 186', 'NU', date'2002-03-20', '3 Lerdahl Junction', '5876736236', '1000', '100', 'NHAN VIEN', NULL, NULL);
insert into NHANVIEN (MANV, TENNV, PHAI, NGAYSINH , DIACHI, SODT, LUONG, PHUCAP, VAITRO, MANQL, PHG) values ('NV187', 'Ten Nhan Vien 187', 'NAM', date'2002-07-24', '4 Scoville Crossing', '7703128713', '1000', '100', 'NHAN VIEN', NULL, NULL);
insert into NHANVIEN (MANV, TENNV, PHAI, NGAYSINH , DIACHI, SODT, LUONG, PHUCAP, VAITRO, MANQL, PHG) values ('NV188', 'Ten Nhan Vien 188', 'NU', date'2002-06-08', '37 Kenwood Pass', '5934431809', '1000', '100', 'NHAN VIEN', NULL, NULL);
insert into NHANVIEN (MANV, TENNV, PHAI, NGAYSINH , DIACHI, SODT, LUONG, PHUCAP, VAITRO, MANQL, PHG) values ('NV189', 'Ten Nhan Vien 189', 'NAM', date'2002-09-29', '02296 1st Lane', '5476693266', '1000', '100', 'NHAN VIEN', NULL, NULL);
insert into NHANVIEN (MANV, TENNV, PHAI, NGAYSINH , DIACHI, SODT, LUONG, PHUCAP, VAITRO, MANQL, PHG) values ('NV190', 'Ten Nhan Vien 190', 'NU', date'2002-07-05', '6991 Goodland Road', '1795269889', '1000', '100', 'NHAN VIEN', NULL, NULL);
insert into NHANVIEN (MANV, TENNV, PHAI, NGAYSINH , DIACHI, SODT, LUONG, PHUCAP, VAITRO, MANQL, PHG) values ('NV191', 'Ten Nhan Vien 191', 'NAM', date'2002-12-30', '63801 Welch Avenue', '2992390677', '1000', '100', 'NHAN VIEN', NULL, NULL);
insert into NHANVIEN (MANV, TENNV, PHAI, NGAYSINH , DIACHI, SODT, LUONG, PHUCAP, VAITRO, MANQL, PHG) values ('NV192', 'Ten Nhan Vien 192', 'NU', date'2002-04-03', '44 Quincy Court', '3873313500', '1000', '100', 'NHAN VIEN', NULL, NULL);
insert into NHANVIEN (MANV, TENNV, PHAI, NGAYSINH , DIACHI, SODT, LUONG, PHUCAP, VAITRO, MANQL, PHG) values ('NV193', 'Ten Nhan Vien 193', 'NAM', date'2002-12-06', '2 Bonner Pass', '7236756725', '1000', '100', 'NHAN VIEN', NULL, NULL);
insert into NHANVIEN (MANV, TENNV, PHAI, NGAYSINH , DIACHI, SODT, LUONG, PHUCAP, VAITRO, MANQL, PHG) values ('NV194', 'Ten Nhan Vien 194', 'NU', date'2002-02-13', '08 Cardinal Terrace', '3735424357', '1000', '100', 'NHAN VIEN', NULL, NULL);
insert into NHANVIEN (MANV, TENNV, PHAI, NGAYSINH , DIACHI, SODT, LUONG, PHUCAP, VAITRO, MANQL, PHG) values ('NV195', 'Ten Nhan Vien 195', 'NAM', date'2002-08-21', '00812 Spohn Lane', '8251903907', '1000', '100', 'NHAN VIEN', NULL, NULL);
insert into NHANVIEN (MANV, TENNV, PHAI, NGAYSINH , DIACHI, SODT, LUONG, PHUCAP, VAITRO, MANQL, PHG) values ('NV196', 'Ten Nhan Vien 196', 'NU', date'2002-03-13', '9663 Eagan Place', '5661547374', '1000', '100', 'NHAN VIEN', NULL, NULL);
insert into NHANVIEN (MANV, TENNV, PHAI, NGAYSINH , DIACHI, SODT, LUONG, PHUCAP, VAITRO, MANQL, PHG) values ('NV197', 'Ten Nhan Vien 197', 'NAM', date'2002-05-31', '003 Blaine Way', '1141776066', '1000', '100', 'NHAN VIEN', NULL, NULL);
insert into NHANVIEN (MANV, TENNV, PHAI, NGAYSINH , DIACHI, SODT, LUONG, PHUCAP, VAITRO, MANQL, PHG) values ('NV198', 'Ten Nhan Vien 198', 'NU', date'2002-01-15', '19986 Sauthoff Terrace', '4791739404', '1000', '100', 'NHAN VIEN', NULL, NULL);
insert into NHANVIEN (MANV, TENNV, PHAI, NGAYSINH , DIACHI, SODT, LUONG, PHUCAP, VAITRO, MANQL, PHG) values ('NV199', 'Ten Nhan Vien 199', 'NAM', date'2002-08-08', '8653 Troy Street', '9549704950', '1000', '100', 'NHAN VIEN', NULL, NULL);
insert into NHANVIEN (MANV, TENNV, PHAI, NGAYSINH , DIACHI, SODT, LUONG, PHUCAP, VAITRO, MANQL, PHG) values ('NV200', 'Ten Nhan Vien 200', 'NU', date'2002-01-28', '7179 Forest Run Alley', '1533202363', '1000', '100', 'NHAN VIEN', NULL, NULL);
insert into NHANVIEN (MANV, TENNV, PHAI, NGAYSINH , DIACHI, SODT, LUONG, PHUCAP, VAITRO, MANQL, PHG) values ('NV201', 'Ten Nhan Vien 201', 'NAM', date'2002-01-30', '66 Cherokee Street', '1952481698', '1000', '100', 'NHAN VIEN', NULL, NULL);
insert into NHANVIEN (MANV, TENNV, PHAI, NGAYSINH , DIACHI, SODT, LUONG, PHUCAP, VAITRO, MANQL, PHG) values ('NV202', 'Ten Nhan Vien 202', 'NU', date'2002-05-27', '57297 Larry Trail', '1558551610', '1000', '100', 'NHAN VIEN', NULL, NULL);
insert into NHANVIEN (MANV, TENNV, PHAI, NGAYSINH , DIACHI, SODT, LUONG, PHUCAP, VAITRO, MANQL, PHG) values ('NV203', 'Ten Nhan Vien 203', 'NAM', date'2002-07-20', '0034 Sachtjen Junction', '4613956450', '1000', '100', 'NHAN VIEN', NULL, NULL);
insert into NHANVIEN (MANV, TENNV, PHAI, NGAYSINH , DIACHI, SODT, LUONG, PHUCAP, VAITRO, MANQL, PHG) values ('NV204', 'Ten Nhan Vien 204', 'NU', date'2002-11-08', '118 Twin Pines Lane', '7109954651', '1000', '100', 'NHAN VIEN', NULL, NULL);
insert into NHANVIEN (MANV, TENNV, PHAI, NGAYSINH , DIACHI, SODT, LUONG, PHUCAP, VAITRO, MANQL, PHG) values ('NV205', 'Ten Nhan Vien 205', 'NAM', date'2002-02-10', '26067 Westridge Hill', '4036418114', '1000', '100', 'NHAN VIEN', NULL, NULL);
insert into NHANVIEN (MANV, TENNV, PHAI, NGAYSINH , DIACHI, SODT, LUONG, PHUCAP, VAITRO, MANQL, PHG) values ('NV206', 'Ten Nhan Vien 206', 'NU', date'2002-01-03', '140 Columbus Circle', '5625672772', '1000', '100', 'NHAN VIEN', NULL, NULL);
insert into NHANVIEN (MANV, TENNV, PHAI, NGAYSINH , DIACHI, SODT, LUONG, PHUCAP, VAITRO, MANQL, PHG) values ('NV207', 'Ten Nhan Vien 207', 'NAM', date'2002-03-24', '69 Brown Junction', '1108765958', '1000', '100', 'NHAN VIEN', NULL, NULL);
insert into NHANVIEN (MANV, TENNV, PHAI, NGAYSINH , DIACHI, SODT, LUONG, PHUCAP, VAITRO, MANQL, PHG) values ('NV208', 'Ten Nhan Vien 208', 'NU', date'2002-03-09', '6 Dixon Place', '2845926050', '1000', '100', 'NHAN VIEN', NULL, NULL);
insert into NHANVIEN (MANV, TENNV, PHAI, NGAYSINH , DIACHI, SODT, LUONG, PHUCAP, VAITRO, MANQL, PHG) values ('NV209', 'Ten Nhan Vien 209', 'NAM', date'2002-05-28', '89 Nobel Drive', '6319825940', '1000', '100', 'NHAN VIEN', NULL, NULL);
insert into NHANVIEN (MANV, TENNV, PHAI, NGAYSINH , DIACHI, SODT, LUONG, PHUCAP, VAITRO, MANQL, PHG) values ('NV210', 'Ten Nhan Vien 210', 'NU', date'2002-01-28', '68 Dahle Way', '1452108820', '1000', '100', 'NHAN VIEN', NULL, NULL);
insert into NHANVIEN (MANV, TENNV, PHAI, NGAYSINH , DIACHI, SODT, LUONG, PHUCAP, VAITRO, MANQL, PHG) values ('NV211', 'Ten Nhan Vien 211', 'NAM', date'2002-01-13', '647 Schurz Road', '1037309464', '1000', '100', 'NHAN VIEN', NULL, NULL);
insert into NHANVIEN (MANV, TENNV, PHAI, NGAYSINH , DIACHI, SODT, LUONG, PHUCAP, VAITRO, MANQL, PHG) values ('NV212', 'Ten Nhan Vien 212', 'NU', date'2002-05-22', '70611 Petterle Park', '9643498134', '1000', '100', 'NHAN VIEN', NULL, NULL);
insert into NHANVIEN (MANV, TENNV, PHAI, NGAYSINH , DIACHI, SODT, LUONG, PHUCAP, VAITRO, MANQL, PHG) values ('NV213', 'Ten Nhan Vien 213', 'NAM', date'2002-07-10', '1 Acker Plaza', '2131263645', '1000', '100', 'NHAN VIEN', NULL, NULL);
insert into NHANVIEN (MANV, TENNV, PHAI, NGAYSINH , DIACHI, SODT, LUONG, PHUCAP, VAITRO, MANQL, PHG) values ('NV214', 'Ten Nhan Vien 214', 'NU', date'2002-12-08', '5 Veith Lane', '2471616904', '1000', '100', 'NHAN VIEN', NULL, NULL);
insert into NHANVIEN (MANV, TENNV, PHAI, NGAYSINH , DIACHI, SODT, LUONG, PHUCAP, VAITRO, MANQL, PHG) values ('NV215', 'Ten Nhan Vien 215', 'NAM', date'2002-07-15', '92472 Roth Center', '9162964197', '1000', '100', 'NHAN VIEN', NULL, NULL);
insert into NHANVIEN (MANV, TENNV, PHAI, NGAYSINH , DIACHI, SODT, LUONG, PHUCAP, VAITRO, MANQL, PHG) values ('NV216', 'Ten Nhan Vien 216', 'NU', date'2002-01-11', '752 Banding Place', '7804938540', '1000', '100', 'NHAN VIEN', NULL, NULL);
insert into NHANVIEN (MANV, TENNV, PHAI, NGAYSINH , DIACHI, SODT, LUONG, PHUCAP, VAITRO, MANQL, PHG) values ('NV217', 'Ten Nhan Vien 217', 'NAM', date'2002-11-17', '9657 Reinke Pass', '1002494047', '1000', '100', 'NHAN VIEN', NULL, NULL);
insert into NHANVIEN (MANV, TENNV, PHAI, NGAYSINH , DIACHI, SODT, LUONG, PHUCAP, VAITRO, MANQL, PHG) values ('NV218', 'Ten Nhan Vien 218', 'NU', date'2002-09-16', '6 Sutherland Parkway', '6427065643', '1000', '100', 'NHAN VIEN', NULL, NULL);
insert into NHANVIEN (MANV, TENNV, PHAI, NGAYSINH , DIACHI, SODT, LUONG, PHUCAP, VAITRO, MANQL, PHG) values ('NV219', 'Ten Nhan Vien 219', 'NAM', date'2002-05-20', '2692 Dwight Road', '7874275767', '1000', '100', 'NHAN VIEN', NULL, NULL);
insert into NHANVIEN (MANV, TENNV, PHAI, NGAYSINH , DIACHI, SODT, LUONG, PHUCAP, VAITRO, MANQL, PHG) values ('NV220', 'Ten Nhan Vien 220', 'NU', date'2002-01-14', '3 Novick Lane', '7025119367', '1000', '100', 'NHAN VIEN', NULL, NULL);
insert into NHANVIEN (MANV, TENNV, PHAI, NGAYSINH , DIACHI, SODT, LUONG, PHUCAP, VAITRO, MANQL, PHG) values ('NV221', 'Ten Nhan Vien 221', 'NAM', date'2002-06-23', '03 Schlimgen Way', '9458286434', '1000', '100', 'NHAN VIEN', NULL, NULL);
insert into NHANVIEN (MANV, TENNV, PHAI, NGAYSINH , DIACHI, SODT, LUONG, PHUCAP, VAITRO, MANQL, PHG) values ('NV222', 'Ten Nhan Vien 222', 'NU', date'2002-02-24', '76 American Lane', '4577044974', '1000', '100', 'NHAN VIEN', NULL, NULL);
insert into NHANVIEN (MANV, TENNV, PHAI, NGAYSINH , DIACHI, SODT, LUONG, PHUCAP, VAITRO, MANQL, PHG) values ('NV223', 'Ten Nhan Vien 223', 'NAM', date'2002-04-15', '1 Boyd Street', '4963992864', '1000', '100', 'NHAN VIEN', NULL, NULL);
insert into NHANVIEN (MANV, TENNV, PHAI, NGAYSINH , DIACHI, SODT, LUONG, PHUCAP, VAITRO, MANQL, PHG) values ('NV224', 'Ten Nhan Vien 224', 'NU', date'2002-09-05', '34 Donald Way', '4712139221', '1000', '100', 'NHAN VIEN', NULL, NULL);
insert into NHANVIEN (MANV, TENNV, PHAI, NGAYSINH , DIACHI, SODT, LUONG, PHUCAP, VAITRO, MANQL, PHG) values ('NV225', 'Ten Nhan Vien 225', 'NAM', date'2002-03-27', '9 Norway Maple Plaza', '1569473433', '1000', '100', 'NHAN VIEN', NULL, NULL);
insert into NHANVIEN (MANV, TENNV, PHAI, NGAYSINH , DIACHI, SODT, LUONG, PHUCAP, VAITRO, MANQL, PHG) values ('NV226', 'Ten Nhan Vien 226', 'NU', date'2002-10-20', '5 Dixon Hill', '6638129549', '1000', '100', 'NHAN VIEN', NULL, NULL);
insert into NHANVIEN (MANV, TENNV, PHAI, NGAYSINH , DIACHI, SODT, LUONG, PHUCAP, VAITRO, MANQL, PHG) values ('NV227', 'Ten Nhan Vien 227', 'NAM', date'2002-05-29', '188 Vermont Point', '1515240622', '1000', '100', 'NHAN VIEN', NULL, NULL);
insert into NHANVIEN (MANV, TENNV, PHAI, NGAYSINH , DIACHI, SODT, LUONG, PHUCAP, VAITRO, MANQL, PHG) values ('NV228', 'Ten Nhan Vien 228', 'NU', date'2002-06-22', '24625 Bartillon Center', '2757716707', '1000', '100', 'NHAN VIEN', NULL, NULL);
insert into NHANVIEN (MANV, TENNV, PHAI, NGAYSINH , DIACHI, SODT, LUONG, PHUCAP, VAITRO, MANQL, PHG) values ('NV229', 'Ten Nhan Vien 229', 'NAM', date'2002-06-19', '354 Petterle Court', '1224971821', '1000', '100', 'NHAN VIEN', NULL, NULL);
insert into NHANVIEN (MANV, TENNV, PHAI, NGAYSINH , DIACHI, SODT, LUONG, PHUCAP, VAITRO, MANQL, PHG) values ('NV230', 'Ten Nhan Vien 230', 'NU', date'2002-09-05', '2 Upham Crossing', '6132583981', '1000', '100', 'NHAN VIEN', NULL, NULL);
insert into NHANVIEN (MANV, TENNV, PHAI, NGAYSINH , DIACHI, SODT, LUONG, PHUCAP, VAITRO, MANQL, PHG) values ('NV231', 'Ten Nhan Vien 231', 'NAM', date'2002-04-25', '7 Arrowood Alley', '7033167851', '1000', '100', 'NHAN VIEN', NULL, NULL);
insert into NHANVIEN (MANV, TENNV, PHAI, NGAYSINH , DIACHI, SODT, LUONG, PHUCAP, VAITRO, MANQL, PHG) values ('NV232', 'Ten Nhan Vien 232', 'NU', date'2002-10-25', '583 Lotheville Place', '2469878892', '1000', '100', 'NHAN VIEN', NULL, NULL);
insert into NHANVIEN (MANV, TENNV, PHAI, NGAYSINH , DIACHI, SODT, LUONG, PHUCAP, VAITRO, MANQL, PHG) values ('NV233', 'Ten Nhan Vien 233', 'NAM', date'2002-08-03', '5 Artisan Place', '6706799610', '1000', '100', 'NHAN VIEN', NULL, NULL);
insert into NHANVIEN (MANV, TENNV, PHAI, NGAYSINH , DIACHI, SODT, LUONG, PHUCAP, VAITRO, MANQL, PHG) values ('NV234', 'Ten Nhan Vien 234', 'NU', date'2002-09-15', '45 Erie Court', '7949896919', '1000', '100', 'NHAN VIEN', NULL, NULL);
insert into NHANVIEN (MANV, TENNV, PHAI, NGAYSINH , DIACHI, SODT, LUONG, PHUCAP, VAITRO, MANQL, PHG) values ('NV235', 'Ten Nhan Vien 235', 'NAM', date'2002-02-23', '9 Waubesa Drive', '4481340975', '1000', '100', 'NHAN VIEN', NULL, NULL);
insert into NHANVIEN (MANV, TENNV, PHAI, NGAYSINH , DIACHI, SODT, LUONG, PHUCAP, VAITRO, MANQL, PHG) values ('NV236', 'Ten Nhan Vien 236', 'NU', date'2002-10-15', '861 Helena Parkway', '2285464323', '1000', '100', 'NHAN VIEN', NULL, NULL);
insert into NHANVIEN (MANV, TENNV, PHAI, NGAYSINH , DIACHI, SODT, LUONG, PHUCAP, VAITRO, MANQL, PHG) values ('NV237', 'Ten Nhan Vien 237', 'NAM', date'2002-02-21', '138 Mariners Cove Way', '1731778891', '1000', '100', 'NHAN VIEN', NULL, NULL);
insert into NHANVIEN (MANV, TENNV, PHAI, NGAYSINH , DIACHI, SODT, LUONG, PHUCAP, VAITRO, MANQL, PHG) values ('NV238', 'Ten Nhan Vien 238', 'NU', date'2002-03-02', '58306 Scott Alley', '5719570681', '1000', '100', 'NHAN VIEN', NULL, NULL);
insert into NHANVIEN (MANV, TENNV, PHAI, NGAYSINH , DIACHI, SODT, LUONG, PHUCAP, VAITRO, MANQL, PHG) values ('NV239', 'Ten Nhan Vien 239', 'NAM', date'2002-04-20', '3 Continental Junction', '6193250053', '1000', '100', 'NHAN VIEN', NULL, NULL);
insert into NHANVIEN (MANV, TENNV, PHAI, NGAYSINH , DIACHI, SODT, LUONG, PHUCAP, VAITRO, MANQL, PHG) values ('NV240', 'Ten Nhan Vien 240', 'NU', date'2002-02-02', '764 Blaine Center', '8104343585', '1000', '100', 'NHAN VIEN', NULL, NULL);
insert into NHANVIEN (MANV, TENNV, PHAI, NGAYSINH , DIACHI, SODT, LUONG, PHUCAP, VAITRO, MANQL, PHG) values ('NV241', 'Ten Nhan Vien 241', 'NAM', date'2002-06-25', '734 Mendota Way', '8418694377', '1000', '100', 'NHAN VIEN', NULL, NULL);
insert into NHANVIEN (MANV, TENNV, PHAI, NGAYSINH , DIACHI, SODT, LUONG, PHUCAP, VAITRO, MANQL, PHG) values ('NV242', 'Ten Nhan Vien 242', 'NU', date'2002-06-24', '25 Tennessee Street', '9121068032', '1000', '100', 'NHAN VIEN', NULL, NULL);
insert into NHANVIEN (MANV, TENNV, PHAI, NGAYSINH , DIACHI, SODT, LUONG, PHUCAP, VAITRO, MANQL, PHG) values ('NV243', 'Ten Nhan Vien 243', 'NAM', date'2002-01-03', '30421 Anderson Road', '7117533554', '1000', '100', 'NHAN VIEN', NULL, NULL);
insert into NHANVIEN (MANV, TENNV, PHAI, NGAYSINH , DIACHI, SODT, LUONG, PHUCAP, VAITRO, MANQL, PHG) values ('NV244', 'Ten Nhan Vien 244', 'NU', date'2002-07-31', '25071 East Crossing', '5502028379', '1000', '100', 'NHAN VIEN', NULL, NULL);
insert into NHANVIEN (MANV, TENNV, PHAI, NGAYSINH , DIACHI, SODT, LUONG, PHUCAP, VAITRO, MANQL, PHG) values ('NV245', 'Ten Nhan Vien 245', 'NAM', date'2002-11-20', '6 Helena Trail', '1968829326', '1000', '100', 'NHAN VIEN', NULL, NULL);
insert into NHANVIEN (MANV, TENNV, PHAI, NGAYSINH , DIACHI, SODT, LUONG, PHUCAP, VAITRO, MANQL, PHG) values ('NV246', 'Ten Nhan Vien 246', 'NU', date'2002-05-24', '771 Fairview Center', '1017906059', '1000', '100', 'NHAN VIEN', NULL, NULL);
insert into NHANVIEN (MANV, TENNV, PHAI, NGAYSINH , DIACHI, SODT, LUONG, PHUCAP, VAITRO, MANQL, PHG) values ('NV247', 'Ten Nhan Vien 247', 'NAM', date'2002-02-04', '440 Lighthouse Bay Point', '6929692189', '1000', '100', 'NHAN VIEN', NULL, NULL);
insert into NHANVIEN (MANV, TENNV, PHAI, NGAYSINH , DIACHI, SODT, LUONG, PHUCAP, VAITRO, MANQL, PHG) values ('NV248', 'Ten Nhan Vien 248', 'NU', date'2002-10-16', '38 Bayside Road', '3891008634', '1000', '100', 'NHAN VIEN', NULL, NULL);
insert into NHANVIEN (MANV, TENNV, PHAI, NGAYSINH , DIACHI, SODT, LUONG, PHUCAP, VAITRO, MANQL, PHG) values ('NV249', 'Ten Nhan Vien 249', 'NAM', date'2002-01-23', '602 Ruskin Road', '4616450634', '1000', '100', 'NHAN VIEN', NULL, NULL);
insert into NHANVIEN (MANV, TENNV, PHAI, NGAYSINH , DIACHI, SODT, LUONG, PHUCAP, VAITRO, MANQL, PHG) values ('NV250', 'Ten Nhan Vien 250', 'NU', date'2002-01-12', '273 Novick Place', '3988769137', '1000', '100', 'NHAN VIEN', NULL, NULL);
insert into NHANVIEN (MANV, TENNV, PHAI, NGAYSINH , DIACHI, SODT, LUONG, PHUCAP, VAITRO, MANQL, PHG) values ('NV251', 'Ten Nhan Vien 251', 'NAM', date'2002-11-12', '56677 West Circle', '2086960547', '1000', '100', 'NHAN VIEN', NULL, NULL);
insert into NHANVIEN (MANV, TENNV, PHAI, NGAYSINH , DIACHI, SODT, LUONG, PHUCAP, VAITRO, MANQL, PHG) values ('NV252', 'Ten Nhan Vien 252', 'NU', date'2002-05-21', '02492 Laurel Terrace', '9503180796', '1000', '100', 'NHAN VIEN', NULL, NULL);
insert into NHANVIEN (MANV, TENNV, PHAI, NGAYSINH , DIACHI, SODT, LUONG, PHUCAP, VAITRO, MANQL, PHG) values ('NV253', 'Ten Nhan Vien 253', 'NAM', date'2002-12-22', '147 Bultman Street', '5288234162', '1000', '100', 'NHAN VIEN', NULL, NULL);
insert into NHANVIEN (MANV, TENNV, PHAI, NGAYSINH , DIACHI, SODT, LUONG, PHUCAP, VAITRO, MANQL, PHG) values ('NV254', 'Ten Nhan Vien 254', 'NU', date'2002-10-24', '08 Southridge Place', '4536283064', '1000', '100', 'NHAN VIEN', NULL, NULL);
insert into NHANVIEN (MANV, TENNV, PHAI, NGAYSINH , DIACHI, SODT, LUONG, PHUCAP, VAITRO, MANQL, PHG) values ('NV255', 'Ten Nhan Vien 255', 'NAM', date'2002-09-23', '9349 School Pass', '7919042101', '1000', '100', 'NHAN VIEN', NULL, NULL);
insert into NHANVIEN (MANV, TENNV, PHAI, NGAYSINH , DIACHI, SODT, LUONG, PHUCAP, VAITRO, MANQL, PHG) values ('NV256', 'Ten Nhan Vien 256', 'NU', date'2002-04-20', '1080 Hanover Parkway', '1572549215', '1000', '100', 'NHAN VIEN', NULL, NULL);
insert into NHANVIEN (MANV, TENNV, PHAI, NGAYSINH , DIACHI, SODT, LUONG, PHUCAP, VAITRO, MANQL, PHG) values ('NV257', 'Ten Nhan Vien 257', 'NAM', date'2002-02-02', '336 High Crossing Plaza', '7474014720', '1000', '100', 'NHAN VIEN', NULL, NULL);
insert into NHANVIEN (MANV, TENNV, PHAI, NGAYSINH , DIACHI, SODT, LUONG, PHUCAP, VAITRO, MANQL, PHG) values ('NV258', 'Ten Nhan Vien 258', 'NU', date'2002-03-28', '23366 Continental Terrace', '9829041421', '1000', '100', 'NHAN VIEN', NULL, NULL);
insert into NHANVIEN (MANV, TENNV, PHAI, NGAYSINH , DIACHI, SODT, LUONG, PHUCAP, VAITRO, MANQL, PHG) values ('NV259', 'Ten Nhan Vien 259', 'NAM', date'2002-06-14', '7441 Bultman Point', '9189838361', '1000', '100', 'NHAN VIEN', NULL, NULL);
insert into NHANVIEN (MANV, TENNV, PHAI, NGAYSINH , DIACHI, SODT, LUONG, PHUCAP, VAITRO, MANQL, PHG) values ('NV260', 'Ten Nhan Vien 260', 'NU', date'2002-03-15', '79 Springview Circle', '5188968644', '1000', '100', 'NHAN VIEN', NULL, NULL);
insert into NHANVIEN (MANV, TENNV, PHAI, NGAYSINH , DIACHI, SODT, LUONG, PHUCAP, VAITRO, MANQL, PHG) values ('NV261', 'Ten Nhan Vien 261', 'NAM', date'2002-12-05', '6 Crowley Center', '7605674252', '1000', '100', 'NHAN VIEN', NULL, NULL);
insert into NHANVIEN (MANV, TENNV, PHAI, NGAYSINH , DIACHI, SODT, LUONG, PHUCAP, VAITRO, MANQL, PHG) values ('NV262', 'Ten Nhan Vien 262', 'NU', date'2002-12-17', '79668 Victoria Plaza', '8333545750', '1000', '100', 'NHAN VIEN', NULL, NULL);
insert into NHANVIEN (MANV, TENNV, PHAI, NGAYSINH , DIACHI, SODT, LUONG, PHUCAP, VAITRO, MANQL, PHG) values ('NV263', 'Ten Nhan Vien 263', 'NAM', date'2002-01-12', '5 Myrtle Pass', '8936285862', '1000', '100', 'NHAN VIEN', NULL, NULL);
insert into NHANVIEN (MANV, TENNV, PHAI, NGAYSINH , DIACHI, SODT, LUONG, PHUCAP, VAITRO, MANQL, PHG) values ('NV264', 'Ten Nhan Vien 264', 'NU', date'2002-08-20', '446 Algoma Avenue', '1842533574', '1000', '100', 'NHAN VIEN', NULL, NULL);
insert into NHANVIEN (MANV, TENNV, PHAI, NGAYSINH , DIACHI, SODT, LUONG, PHUCAP, VAITRO, MANQL, PHG) values ('NV265', 'Ten Nhan Vien 265', 'NAM', date'2002-12-25', '14 Roxbury Street', '9872892438', '1000', '100', 'NHAN VIEN', NULL, NULL);
insert into NHANVIEN (MANV, TENNV, PHAI, NGAYSINH , DIACHI, SODT, LUONG, PHUCAP, VAITRO, MANQL, PHG) values ('NV266', 'Ten Nhan Vien 266', 'NU', date'2002-06-24', '5609 Kropf Way', '5025054097', '1000', '100', 'NHAN VIEN', NULL, NULL);
insert into NHANVIEN (MANV, TENNV, PHAI, NGAYSINH , DIACHI, SODT, LUONG, PHUCAP, VAITRO, MANQL, PHG) values ('NV267', 'Ten Nhan Vien 267', 'NAM', date'2002-11-08', '7 Myrtle Street', '9777589252', '1000', '100', 'NHAN VIEN', NULL, NULL);
insert into NHANVIEN (MANV, TENNV, PHAI, NGAYSINH , DIACHI, SODT, LUONG, PHUCAP, VAITRO, MANQL, PHG) values ('NV268', 'Ten Nhan Vien 268', 'NU', date'2002-03-23', '626 6th Place', '2495711166', '1000', '100', 'NHAN VIEN', NULL, NULL);
insert into NHANVIEN (MANV, TENNV, PHAI, NGAYSINH , DIACHI, SODT, LUONG, PHUCAP, VAITRO, MANQL, PHG) values ('NV269', 'Ten Nhan Vien 269', 'NAM', date'2002-08-19', '2778 Brentwood Pass', '2306596711', '1000', '100', 'NHAN VIEN', NULL, NULL);
insert into NHANVIEN (MANV, TENNV, PHAI, NGAYSINH , DIACHI, SODT, LUONG, PHUCAP, VAITRO, MANQL, PHG) values ('NV270', 'Ten Nhan Vien 270', 'NU', date'2002-09-23', '4912 Weeping Birch Junction', '2696468754', '1000', '100', 'NHAN VIEN', NULL, NULL);
insert into NHANVIEN (MANV, TENNV, PHAI, NGAYSINH , DIACHI, SODT, LUONG, PHUCAP, VAITRO, MANQL, PHG) values ('NV271', 'Ten Nhan Vien 271', 'NAM', date'2002-01-15', '3287 Aberg Junction', '4373395102', '1000', '100', 'NHAN VIEN', NULL, NULL);
insert into NHANVIEN (MANV, TENNV, PHAI, NGAYSINH , DIACHI, SODT, LUONG, PHUCAP, VAITRO, MANQL, PHG) values ('NV272', 'Ten Nhan Vien 272', 'NU', date'2002-10-21', '1630 Lakewood Gardens Park', '9286102348', '1000', '100', 'NHAN VIEN', NULL, NULL);
insert into NHANVIEN (MANV, TENNV, PHAI, NGAYSINH , DIACHI, SODT, LUONG, PHUCAP, VAITRO, MANQL, PHG) values ('NV273', 'Ten Nhan Vien 273', 'NAM', date'2002-05-14', '83263 Thierer Alley', '8864314786', '1000', '100', 'NHAN VIEN', NULL, NULL);
insert into NHANVIEN (MANV, TENNV, PHAI, NGAYSINH , DIACHI, SODT, LUONG, PHUCAP, VAITRO, MANQL, PHG) values ('NV274', 'Ten Nhan Vien 274', 'NU', date'2002-04-11', '37313 Schiller Crossing', '2761304949', '1000', '100', 'NHAN VIEN', NULL, NULL);
insert into NHANVIEN (MANV, TENNV, PHAI, NGAYSINH , DIACHI, SODT, LUONG, PHUCAP, VAITRO, MANQL, PHG) values ('NV275', 'Ten Nhan Vien 275', 'NAM', date'2002-09-15', '90222 Jay Terrace', '1683922428', '1000', '100', 'NHAN VIEN', NULL, NULL);
insert into NHANVIEN (MANV, TENNV, PHAI, NGAYSINH , DIACHI, SODT, LUONG, PHUCAP, VAITRO, MANQL, PHG) values ('NV276', 'Ten Nhan Vien 276', 'NU', date'2002-02-23', '88420 Birchwood Street', '5522340304', '1000', '100', 'NHAN VIEN', NULL, NULL);
insert into NHANVIEN (MANV, TENNV, PHAI, NGAYSINH , DIACHI, SODT, LUONG, PHUCAP, VAITRO, MANQL, PHG) values ('NV277', 'Ten Nhan Vien 277', 'NAM', date'2002-01-03', '8 Pine View Crossing', '9088119907', '1000', '100', 'NHAN VIEN', NULL, NULL);
insert into NHANVIEN (MANV, TENNV, PHAI, NGAYSINH , DIACHI, SODT, LUONG, PHUCAP, VAITRO, MANQL, PHG) values ('NV278', 'Ten Nhan Vien 278', 'NU', date'2002-05-21', '92 Crest Line Circle', '5667781386', '1000', '100', 'NHAN VIEN', NULL, NULL);
insert into NHANVIEN (MANV, TENNV, PHAI, NGAYSINH , DIACHI, SODT, LUONG, PHUCAP, VAITRO, MANQL, PHG) values ('NV279', 'Ten Nhan Vien 279', 'NAM', date'2002-06-24', '23195 Mallory Court', '3689640908', '1000', '100', 'NHAN VIEN', NULL, NULL);
insert into NHANVIEN (MANV, TENNV, PHAI, NGAYSINH , DIACHI, SODT, LUONG, PHUCAP, VAITRO, MANQL, PHG) values ('NV280', 'Ten Nhan Vien 280', 'NU', date'2002-05-28', '6 Summer Ridge Avenue', '4297106482', '1000', '100', 'NHAN VIEN', NULL, NULL);
insert into NHANVIEN (MANV, TENNV, PHAI, NGAYSINH , DIACHI, SODT, LUONG, PHUCAP, VAITRO, MANQL, PHG) values ('NV281', 'Ten Nhan Vien 281', 'NAM', date'2002-05-09', '0 Lighthouse Bay Park', '8517704965', '1000', '100', 'NHAN VIEN', NULL, NULL);
insert into NHANVIEN (MANV, TENNV, PHAI, NGAYSINH , DIACHI, SODT, LUONG, PHUCAP, VAITRO, MANQL, PHG) values ('NV282', 'Ten Nhan Vien 282', 'NU', date'2002-10-29', '32 North Pass', '6788488048', '1000', '100', 'NHAN VIEN', NULL, NULL);
insert into NHANVIEN (MANV, TENNV, PHAI, NGAYSINH , DIACHI, SODT, LUONG, PHUCAP, VAITRO, MANQL, PHG) values ('NV283', 'Ten Nhan Vien 283', 'NAM', date'2002-11-07', '32 Spaight Junction', '7943659605', '1000', '100', 'NHAN VIEN', NULL, NULL);
insert into NHANVIEN (MANV, TENNV, PHAI, NGAYSINH , DIACHI, SODT, LUONG, PHUCAP, VAITRO, MANQL, PHG) values ('NV284', 'Ten Nhan Vien 284', 'NU', date'2002-01-21', '70 Chinook Alley', '6584375291', '1000', '100', 'NHAN VIEN', NULL, NULL);
insert into NHANVIEN (MANV, TENNV, PHAI, NGAYSINH , DIACHI, SODT, LUONG, PHUCAP, VAITRO, MANQL, PHG) values ('NV285', 'Ten Nhan Vien 285', 'NAM', date'2002-03-21', '5652 Hoffman Center', '5578374853', '1000', '100', 'NHAN VIEN', NULL, NULL);
insert into NHANVIEN (MANV, TENNV, PHAI, NGAYSINH , DIACHI, SODT, LUONG, PHUCAP, VAITRO, MANQL, PHG) values ('NV286', 'Ten Nhan Vien 286', 'NU', date'2002-04-19', '7 Oak Plaza', '9576262335', '1000', '100', 'NHAN VIEN', NULL, NULL);
insert into NHANVIEN (MANV, TENNV, PHAI, NGAYSINH , DIACHI, SODT, LUONG, PHUCAP, VAITRO, MANQL, PHG) values ('NV287', 'Ten Nhan Vien 287', 'NAM', date'2002-08-13', '0015 Hauk Drive', '2413436555', '1000', '100', 'NHAN VIEN', NULL, NULL);
insert into NHANVIEN (MANV, TENNV, PHAI, NGAYSINH , DIACHI, SODT, LUONG, PHUCAP, VAITRO, MANQL, PHG) values ('NV288', 'Ten Nhan Vien 288', 'NU', date'2002-09-14', '5 Prairie Rose Place', '8733419399', '1000', '100', 'NHAN VIEN', NULL, NULL);
insert into NHANVIEN (MANV, TENNV, PHAI, NGAYSINH , DIACHI, SODT, LUONG, PHUCAP, VAITRO, MANQL, PHG) values ('NV289', 'Ten Nhan Vien 289', 'NAM', date'2002-05-15', '31505 Katie Hill', '2295110530', '1000', '100', 'NHAN VIEN', NULL, NULL);
insert into NHANVIEN (MANV, TENNV, PHAI, NGAYSINH , DIACHI, SODT, LUONG, PHUCAP, VAITRO, MANQL, PHG) values ('NV290', 'Ten Nhan Vien 290', 'NU', date'2002-04-22', '58432 Fremont Parkway', '2892403395', '1000', '100', 'NHAN VIEN', NULL, NULL);
insert into NHANVIEN (MANV, TENNV, PHAI, NGAYSINH , DIACHI, SODT, LUONG, PHUCAP, VAITRO, MANQL, PHG) values ('NV291', 'Ten Nhan Vien 291', 'NAM', date'2002-11-08', '08963 Esch Center', '2102233726', '1000', '100', 'NHAN VIEN', NULL, NULL);
insert into NHANVIEN (MANV, TENNV, PHAI, NGAYSINH , DIACHI, SODT, LUONG, PHUCAP, VAITRO, MANQL, PHG) values ('NV292', 'Ten Nhan Vien 292', 'NU', date'2002-11-10', '84374 Meadow Vale Plaza', '3175876448', '1000', '100', 'NHAN VIEN', NULL, NULL);
insert into NHANVIEN (MANV, TENNV, PHAI, NGAYSINH , DIACHI, SODT, LUONG, PHUCAP, VAITRO, MANQL, PHG) values ('NV293', 'Ten Nhan Vien 293', 'NAM', date'2002-05-13', '13 Spaight Avenue', '9384340559', '1000', '100', 'NHAN VIEN', NULL, NULL);
insert into NHANVIEN (MANV, TENNV, PHAI, NGAYSINH , DIACHI, SODT, LUONG, PHUCAP, VAITRO, MANQL, PHG) values ('NV294', 'Ten Nhan Vien 294', 'NU', date'2002-10-24', '9908 Artisan Junction', '8109241173', '1000', '100', 'NHAN VIEN', NULL, NULL);
insert into NHANVIEN (MANV, TENNV, PHAI, NGAYSINH , DIACHI, SODT, LUONG, PHUCAP, VAITRO, MANQL, PHG) values ('NV295', 'Ten Nhan Vien 295', 'NAM', date'2002-02-20', '57 Walton Hill', '2197058037', '1000', '100', 'NHAN VIEN', NULL, NULL);
insert into NHANVIEN (MANV, TENNV, PHAI, NGAYSINH , DIACHI, SODT, LUONG, PHUCAP, VAITRO, MANQL, PHG) values ('NV296', 'Ten Nhan Vien 296', 'NU', date'2002-09-04', '4736 Twin Pines Crossing', '2639592285', '1000', '100', 'NHAN VIEN', NULL, NULL);
insert into NHANVIEN (MANV, TENNV, PHAI, NGAYSINH , DIACHI, SODT, LUONG, PHUCAP, VAITRO, MANQL, PHG) values ('NV297', 'Ten Nhan Vien 297', 'NAM', date'2002-03-23', '6 Dayton Place', '1771706102', '1000', '100', 'NHAN VIEN', NULL, NULL);
insert into NHANVIEN (MANV, TENNV, PHAI, NGAYSINH , DIACHI, SODT, LUONG, PHUCAP, VAITRO, MANQL, PHG) values ('NV298', 'Ten Nhan Vien 298', 'NU', date'2002-07-20', '54840 Bay Crossing', '5679200774', '1000', '100', 'NHAN VIEN', NULL, NULL);
insert into NHANVIEN (MANV, TENNV, PHAI, NGAYSINH , DIACHI, SODT, LUONG, PHUCAP, VAITRO, MANQL, PHG) values ('NV299', 'Ten Nhan Vien 299', 'NAM', date'2002-08-12', '97338 Amoth Crossing', '6367710871', '1000', '100', 'NHAN VIEN', NULL, NULL);
insert into NHANVIEN (MANV, TENNV, PHAI, NGAYSINH , DIACHI, SODT, LUONG, PHUCAP, VAITRO, MANQL, PHG) values ('NV300', 'Ten Nhan Vien 300', 'NU', date'2002-10-22', '94505 Barby Alley', '1986546585', '1000', '100', 'NHAN VIEN', NULL, NULL);
insert into NHANVIEN (MANV, TENNV, PHAI, NGAYSINH , DIACHI, SODT, LUONG, PHUCAP, VAITRO, MANQL, PHG) values ('NV301', 'Ten Nhan Vien 301', 'NAM', date'2002-02-05', '97813 Porter Parkway', '7579062716', '1000', '100', 'NHAN VIEN', NULL, NULL);
insert into NHANVIEN (MANV, TENNV, PHAI, NGAYSINH , DIACHI, SODT, LUONG, PHUCAP, VAITRO, MANQL, PHG) values ('NV302', 'Ten Nhan Vien 302', 'NU', date'2002-06-17', '1146 Westend Terrace', '1322558283', '1000', '100', 'NHAN VIEN', NULL, NULL);
insert into NHANVIEN (MANV, TENNV, PHAI, NGAYSINH , DIACHI, SODT, LUONG, PHUCAP, VAITRO, MANQL, PHG) values ('NV303', 'Ten Nhan Vien 303', 'NAM', date'2002-05-03', '2775 Bartelt Terrace', '9021607457', '1000', '100', 'NHAN VIEN', NULL, NULL);
insert into NHANVIEN (MANV, TENNV, PHAI, NGAYSINH , DIACHI, SODT, LUONG, PHUCAP, VAITRO, MANQL, PHG) values ('NV304', 'Ten Nhan Vien 304', 'NU', date'2002-01-20', '6109 Burning Wood Pass', '9805582318', '1000', '100', 'NHAN VIEN', NULL, NULL);
insert into NHANVIEN (MANV, TENNV, PHAI, NGAYSINH , DIACHI, SODT, LUONG, PHUCAP, VAITRO, MANQL, PHG) values ('NV305', 'Ten Nhan Vien 305', 'NAM', date'2002-06-10', '4845 Ridgeway Alley', '7484933183', '1000', '100', 'NHAN VIEN', NULL, NULL);
insert into NHANVIEN (MANV, TENNV, PHAI, NGAYSINH , DIACHI, SODT, LUONG, PHUCAP, VAITRO, MANQL, PHG) values ('NV306', 'Ten Nhan Vien 306', 'NU', date'2002-10-22', '75958 Steensland Way', '4588001758', '1000', '100', 'NHAN VIEN', NULL, NULL);
insert into NHANVIEN (MANV, TENNV, PHAI, NGAYSINH , DIACHI, SODT, LUONG, PHUCAP, VAITRO, MANQL, PHG) values ('NV307', 'Ten Nhan Vien 307', 'NAM', date'2002-06-09', '88246 Blaine Parkway', '3974319700', '1000', '100', 'NHAN VIEN', NULL, NULL);
insert into NHANVIEN (MANV, TENNV, PHAI, NGAYSINH , DIACHI, SODT, LUONG, PHUCAP, VAITRO, MANQL, PHG) values ('NV308', 'Ten Nhan Vien 308', 'NU', date'2002-04-24', '2723 Tennessee Avenue', '9153137506', '1000', '100', 'NHAN VIEN', NULL, NULL);
insert into NHANVIEN (MANV, TENNV, PHAI, NGAYSINH , DIACHI, SODT, LUONG, PHUCAP, VAITRO, MANQL, PHG) values ('NV309', 'Ten Nhan Vien 309', 'NAM', date'2002-11-27', '09391 Paget Terrace', '9131569199', '1000', '100', 'NHAN VIEN', NULL, NULL);
insert into NHANVIEN (MANV, TENNV, PHAI, NGAYSINH , DIACHI, SODT, LUONG, PHUCAP, VAITRO, MANQL, PHG) values ('NV310', 'Ten Nhan Vien 310', 'NU', date'2002-02-26', '69105 American Ash Place', '2175050700', '1000', '100', 'NHAN VIEN', NULL, NULL);
insert into NHANVIEN (MANV, TENNV, PHAI, NGAYSINH , DIACHI, SODT, LUONG, PHUCAP, VAITRO, MANQL, PHG) values ('NV311', 'Ten Nhan Vien 311', 'NAM', date'2002-11-10', '115 Kipling Hill', '6728616279', '1000', '100', 'NHAN VIEN', NULL, NULL);
insert into NHANVIEN (MANV, TENNV, PHAI, NGAYSINH , DIACHI, SODT, LUONG, PHUCAP, VAITRO, MANQL, PHG) values ('NV312', 'Ten Nhan Vien 312', 'NU', date'2002-01-17', '6 Pearson Parkway', '6544272615', '1000', '100', 'NHAN VIEN', NULL, NULL);
insert into NHANVIEN (MANV, TENNV, PHAI, NGAYSINH , DIACHI, SODT, LUONG, PHUCAP, VAITRO, MANQL, PHG) values ('NV313', 'Ten Nhan Vien 313', 'NAM', date'2002-05-04', '43530 Dawn Place', '5562197190', '1000', '100', 'NHAN VIEN', NULL, NULL);
insert into NHANVIEN (MANV, TENNV, PHAI, NGAYSINH , DIACHI, SODT, LUONG, PHUCAP, VAITRO, MANQL, PHG) values ('NV314', 'Ten Nhan Vien 314', 'NU', date'2002-01-03', '0463 Briar Crest Parkway', '9657073224', '1000', '100', 'NHAN VIEN', NULL, NULL);
insert into NHANVIEN (MANV, TENNV, PHAI, NGAYSINH , DIACHI, SODT, LUONG, PHUCAP, VAITRO, MANQL, PHG) values ('NV315', 'Ten Nhan Vien 315', 'NAM', date'2002-11-28', '7275 Cordelia Park', '1417374445', '1000', '100', 'NHAN VIEN', NULL, NULL);
insert into NHANVIEN (MANV, TENNV, PHAI, NGAYSINH , DIACHI, SODT, LUONG, PHUCAP, VAITRO, MANQL, PHG) values ('NV316', 'Ten Nhan Vien 316', 'NU', date'2002-12-18', '63584 Dorton Junction', '7788366831', '1000', '100', 'NHAN VIEN', NULL, NULL);
insert into NHANVIEN (MANV, TENNV, PHAI, NGAYSINH , DIACHI, SODT, LUONG, PHUCAP, VAITRO, MANQL, PHG) values ('NV317', 'Ten Nhan Vien 317', 'NAM', date'2002-03-16', '8491 Bultman Street', '7248696142', '1000', '100', 'NHAN VIEN', NULL, NULL);
insert into NHANVIEN (MANV, TENNV, PHAI, NGAYSINH , DIACHI, SODT, LUONG, PHUCAP, VAITRO, MANQL, PHG) values ('NV318', 'Ten Nhan Vien 318', 'NU', date'2002-03-31', '0 Nevada Road', '8089502648', '1000', '100', 'NHAN VIEN', NULL, NULL);
insert into NHANVIEN (MANV, TENNV, PHAI, NGAYSINH , DIACHI, SODT, LUONG, PHUCAP, VAITRO, MANQL, PHG) values ('NV319', 'Ten Nhan Vien 319', 'NAM', date'2002-01-10', '99475 Crest Line Center', '4462491151', '1000', '100', 'NHAN VIEN', NULL, NULL);
insert into NHANVIEN (MANV, TENNV, PHAI, NGAYSINH , DIACHI, SODT, LUONG, PHUCAP, VAITRO, MANQL, PHG) values ('NV320', 'Ten Nhan Vien 320', 'NU', date'2002-06-22', '38462 Dwight Drive', '4289272702', '1000', '100', 'NHAN VIEN', NULL, NULL);
insert into NHANVIEN (MANV, TENNV, PHAI, NGAYSINH , DIACHI, SODT, LUONG, PHUCAP, VAITRO, MANQL, PHG) values ('NV321', 'Ten Nhan Vien 321', 'NAM', date'2002-05-19', '16 Buena Vista Parkway', '7669435971', '1000', '100', 'NHAN VIEN', NULL, NULL);
insert into NHANVIEN (MANV, TENNV, PHAI, NGAYSINH , DIACHI, SODT, LUONG, PHUCAP, VAITRO, MANQL, PHG) values ('NV322', 'Ten Nhan Vien 322', 'NU', date'2002-05-06', '5 Eastlawn Pass', '2877277703', '1000', '100', 'NHAN VIEN', NULL, NULL);
insert into NHANVIEN (MANV, TENNV, PHAI, NGAYSINH , DIACHI, SODT, LUONG, PHUCAP, VAITRO, MANQL, PHG) values ('NV323', 'Ten Nhan Vien 323', 'NAM', date'2002-03-21', '084 Birchwood Circle', '4752375606', '1000', '100', 'NHAN VIEN', NULL, NULL);
insert into NHANVIEN (MANV, TENNV, PHAI, NGAYSINH , DIACHI, SODT, LUONG, PHUCAP, VAITRO, MANQL, PHG) values ('NV324', 'Ten Nhan Vien 324', 'NU', date'2002-05-07', '19 Judy Circle', '8135413667', '1000', '100', 'NHAN VIEN', NULL, NULL);
insert into NHANVIEN (MANV, TENNV, PHAI, NGAYSINH , DIACHI, SODT, LUONG, PHUCAP, VAITRO, MANQL, PHG) values ('NV325', 'Ten Nhan Vien 325', 'NAM', date'2002-05-06', '97800 Northport Way', '6751158881', '1000', '100', 'NHAN VIEN', NULL, NULL);
insert into NHANVIEN (MANV, TENNV, PHAI, NGAYSINH , DIACHI, SODT, LUONG, PHUCAP, VAITRO, MANQL, PHG) values ('NV326', 'Ten Nhan Vien 326', 'NU', date'2002-12-16', '703 Spenser Plaza', '7305162948', '1000', '100', 'NHAN VIEN', NULL, NULL);
insert into NHANVIEN (MANV, TENNV, PHAI, NGAYSINH , DIACHI, SODT, LUONG, PHUCAP, VAITRO, MANQL, PHG) values ('NV327', 'Ten Nhan Vien 327', 'NAM', date'2002-03-01', '55 Welch Alley', '9818636832', '1000', '100', 'NHAN VIEN', NULL, NULL);
insert into NHANVIEN (MANV, TENNV, PHAI, NGAYSINH , DIACHI, SODT, LUONG, PHUCAP, VAITRO, MANQL, PHG) values ('NV328', 'Ten Nhan Vien 328', 'NU', date'2002-12-16', '7421 Magdeline Drive', '2704649106', '1000', '100', 'NHAN VIEN', NULL, NULL);
insert into NHANVIEN (MANV, TENNV, PHAI, NGAYSINH , DIACHI, SODT, LUONG, PHUCAP, VAITRO, MANQL, PHG) values ('NV329', 'Ten Nhan Vien 329', 'NAM', date'2002-02-23', '411 Golden Leaf Terrace', '1948262678', '1000', '100', 'NHAN VIEN', NULL, NULL);
insert into NHANVIEN (MANV, TENNV, PHAI, NGAYSINH , DIACHI, SODT, LUONG, PHUCAP, VAITRO, MANQL, PHG) values ('NV330', 'Ten Nhan Vien 330', 'NU', date'2002-11-15', '4 Arkansas Avenue', '2876391337', '1000', '100', 'NHAN VIEN', NULL, NULL);
insert into NHANVIEN (MANV, TENNV, PHAI, NGAYSINH , DIACHI, SODT, LUONG, PHUCAP, VAITRO, MANQL, PHG) values ('NV331', 'Ten Nhan Vien 331', 'NAM', date'2002-08-29', '5 Fisk Terrace', '8546559385', '1000', '100', 'NHAN VIEN', NULL, NULL);
insert into NHANVIEN (MANV, TENNV, PHAI, NGAYSINH , DIACHI, SODT, LUONG, PHUCAP, VAITRO, MANQL, PHG) values ('NV332', 'Ten Nhan Vien 332', 'NU', date'2002-10-10', '90807 Del Sol Street', '3982289343', '1000', '100', 'NHAN VIEN', NULL, NULL);
insert into NHANVIEN (MANV, TENNV, PHAI, NGAYSINH , DIACHI, SODT, LUONG, PHUCAP, VAITRO, MANQL, PHG) values ('NV333', 'Ten Nhan Vien 333', 'NAM', date'2002-06-30', '6170 Mallard Point', '9958405254', '1000', '100', 'NHAN VIEN', NULL, NULL);
insert into NHANVIEN (MANV, TENNV, PHAI, NGAYSINH , DIACHI, SODT, LUONG, PHUCAP, VAITRO, MANQL, PHG) values ('NV334', 'Ten Nhan Vien 334', 'NU', date'2002-01-20', '446 Kim Park', '2639588845', '1000', '100', 'NHAN VIEN', NULL, NULL);
insert into NHANVIEN (MANV, TENNV, PHAI, NGAYSINH , DIACHI, SODT, LUONG, PHUCAP, VAITRO, MANQL, PHG) values ('NV335', 'Ten Nhan Vien 335', 'NAM', date'2002-07-12', '8 Scoville Trail', '2812663116', '1000', '100', 'NHAN VIEN', NULL, NULL);
insert into NHANVIEN (MANV, TENNV, PHAI, NGAYSINH , DIACHI, SODT, LUONG, PHUCAP, VAITRO, MANQL, PHG) values ('NV336', 'Ten Nhan Vien 336', 'NU', date'2002-06-27', '1847 Rockefeller Avenue', '3673152235', '1000', '100', 'NHAN VIEN', NULL, NULL);
insert into NHANVIEN (MANV, TENNV, PHAI, NGAYSINH , DIACHI, SODT, LUONG, PHUCAP, VAITRO, MANQL, PHG) values ('NV337', 'Ten Nhan Vien 337', 'NAM', date'2002-06-05', '20 Cody Alley', '7416229644', '1000', '100', 'NHAN VIEN', NULL, NULL);
insert into NHANVIEN (MANV, TENNV, PHAI, NGAYSINH , DIACHI, SODT, LUONG, PHUCAP, VAITRO, MANQL, PHG) values ('NV338', 'Ten Nhan Vien 338', 'NU', date'2002-07-13', '657 Texas Alley', '3815327569', '1000', '100', 'NHAN VIEN', NULL, NULL);
insert into NHANVIEN (MANV, TENNV, PHAI, NGAYSINH , DIACHI, SODT, LUONG, PHUCAP, VAITRO, MANQL, PHG) values ('NV339', 'Ten Nhan Vien 339', 'NAM', date'2002-10-11', '2 Riverside Center', '3293072066', '1000', '100', 'NHAN VIEN', NULL, NULL);
insert into NHANVIEN (MANV, TENNV, PHAI, NGAYSINH , DIACHI, SODT, LUONG, PHUCAP, VAITRO, MANQL, PHG) values ('NV340', 'Ten Nhan Vien 340', 'NU', date'2002-06-29', '9 Tony Center', '7468860794', '1000', '100', 'NHAN VIEN', NULL, NULL);
insert into NHANVIEN (MANV, TENNV, PHAI, NGAYSINH , DIACHI, SODT, LUONG, PHUCAP, VAITRO, MANQL, PHG) values ('NV341', 'Ten Nhan Vien 341', 'NAM', date'2002-09-27', '3 Steensland Way', '3714652445', '1000', '100', 'NHAN VIEN', NULL, NULL);
insert into NHANVIEN (MANV, TENNV, PHAI, NGAYSINH , DIACHI, SODT, LUONG, PHUCAP, VAITRO, MANQL, PHG) values ('NV342', 'Ten Nhan Vien 342', 'NU', date'2002-12-08', '32364 Hauk Court', '1241557094', '1000', '100', 'NHAN VIEN', NULL, NULL);
insert into NHANVIEN (MANV, TENNV, PHAI, NGAYSINH , DIACHI, SODT, LUONG, PHUCAP, VAITRO, MANQL, PHG) values ('NV343', 'Ten Nhan Vien 343', 'NAM', date'2002-02-10', '7 Orin Crossing', '9493000632', '1000', '100', 'NHAN VIEN', NULL, NULL);
insert into NHANVIEN (MANV, TENNV, PHAI, NGAYSINH , DIACHI, SODT, LUONG, PHUCAP, VAITRO, MANQL, PHG) values ('NV344', 'Ten Nhan Vien 344', 'NU', date'2002-01-15', '3174 Mccormick Plaza', '9544978596', '1000', '100', 'NHAN VIEN', NULL, NULL);
insert into NHANVIEN (MANV, TENNV, PHAI, NGAYSINH , DIACHI, SODT, LUONG, PHUCAP, VAITRO, MANQL, PHG) values ('NV345', 'Ten Nhan Vien 345', 'NAM', date'2002-01-05', '693 Golf Course Park', '5726063266', '1000', '100', 'NHAN VIEN', NULL, NULL);
insert into NHANVIEN (MANV, TENNV, PHAI, NGAYSINH , DIACHI, SODT, LUONG, PHUCAP, VAITRO, MANQL, PHG) values ('NV346', 'Ten Nhan Vien 346', 'NU', date'2002-02-20', '086 Ridge Oak Point', '1635862330', '1000', '100', 'NHAN VIEN', NULL, NULL);

--phong ban
insert into PHONGBAN (MAPB, TENPB, TRPHG) values ('PHG01', 'ten phong 1', 'NV019');
insert into PHONGBAN (MAPB, TENPB, TRPHG) values ('PHG02', 'ten phong 2', 'NV020');
insert into PHONGBAN (MAPB, TENPB, TRPHG) values ('PHG03', 'ten phong 3', 'NV021');
insert into PHONGBAN (MAPB, TENPB, TRPHG) values ('PHG04', 'ten phong 4', 'NV022');
insert into PHONGBAN (MAPB, TENPB, TRPHG) values ('PHG05', 'ten phong 5', 'NV023');
insert into PHONGBAN (MAPB, TENPB, TRPHG) values ('PHG06', 'ten phong 6', 'NV024');
insert into PHONGBAN (MAPB, TENPB, TRPHG) values ('PHG07', 'ten phong 7', 'NV025');
insert into PHONGBAN (MAPB, TENPB, TRPHG) values ('PHG08', 'ten phong 8', 'NV026');
-- de an
insert into DEAN (MADA, TENDA, NGAYBD, PHONG) values ('DA001', 'Ten de an 1', date'2022-05-18', 'PHG01');
insert into DEAN (MADA, TENDA, NGAYBD, PHONG) values ('DA002', 'Ten de an 2', date'2022-08-10', 'PHG02');
insert into DEAN (MADA, TENDA, NGAYBD, PHONG) values ('DA003', 'Ten de an 3', date'2022-07-13', 'PHG03');
insert into DEAN (MADA, TENDA, NGAYBD, PHONG) values ('DA004', 'Ten de an 4', date'2022-06-06', 'PHG04');
insert into DEAN (MADA, TENDA, NGAYBD, PHONG) values ('DA005', 'Ten de an 5', date'2022-10-20', 'PHG05');
insert into DEAN (MADA, TENDA, NGAYBD, PHONG) values ('DA006', 'Ten de an 5', date'2022-10-20', 'PHG06');
insert into DEAN (MADA, TENDA, NGAYBD, PHONG) values ('DA007', 'Ten de an 5', date'2022-10-20', 'PHG07');
insert into DEAN (MADA, TENDA, NGAYBD, PHONG) values ('DA008', 'Ten de an 5', date'2022-10-20', 'PHG08');
-- phan cong

insert into PHANCONG (MANV, MADA, THOIGIAN) values ('NV101', 'DA001', date'2023-01-04');
insert into PHANCONG (MANV, MADA, THOIGIAN) values ('NV102', 'DA002', date'2023-03-26');
insert into PHANCONG (MANV, MADA, THOIGIAN) values ('NV103', 'DA003', date'2023-03-26');
insert into PHANCONG (MANV, MADA, THOIGIAN) values ('NV104', 'DA004', date'2023-02-11');
insert into PHANCONG (MANV, MADA, THOIGIAN) values ('NV105', 'DA005', date'2023-01-18');
insert into PHANCONG (MANV, MADA, THOIGIAN) values ('NV106', 'DA006', date'2023-02-18');
insert into PHANCONG (MANV, MADA, THOIGIAN) values ('NV107', 'DA007', date'2023-01-31');
insert into PHANCONG (MANV, MADA, THOIGIAN) values ('NV108', 'DA008', date'2023-01-27');




/*
if this <=5 then 'BAN GIAM DOC'
elsif this <=8 then 'TRUONG DE AN'
elsif this <=13 then 'NHAN SU'
elsif this <=18 then 'TAI CHINH'
elsif this <=26 then 'TRUONG PHONG'
elsif this <=46 then 'QUAN LI TRUC TIEP'
else 'NHAN VIEN' end
*/
alter session set "_ORACLE_SCRIPT"=true;

---DROP role
drop role Ban_giam_doc;
drop role Truong_De_An;
drop role Nhan_Su;
drop role Tai_Chinh;
drop role Truong_Phong;
drop role QL_Truc_Tiep;
drop role Nhan_Vien;
---tao role
create role Ban_giam_doc;
create role Truong_De_An;
create role Nhan_Su;
create role Tai_Chinh;
create role Truong_Phong;
create role QL_Truc_Tiep;
create role Nhan_Vien;


--tao user voi username la nv001, nv002, nv003,..., nv346 v password l?n l??t l nv001, nv002, nv003,..., nv346
/*drop user 
BEGIN
  FOR i IN 1..346 LOOP
    EXECUTE IMMEDIATE 'drop USER NV'||LPAD(i, 3, '0');
  END LOOP;
END;*/
BEGIN
  FOR i IN 1..346 LOOP
    EXECUTE IMMEDIATE 'CREATE USER NV'||LPAD(i, 3, '0')||' IDENTIFIED BY NV'||LPAD(i, 3, '0');
  END LOOP;
END;


--GAN ROLE

BEGIN
  -- BAN GIAM DOC : 1->5
  FOR i IN 1..5 LOOP
    EXECUTE IMMEDIATE 'GRANT Ban_giam_doc TO NV'||LPAD(i, 3, '0');
  END LOOP;
  -- TRUONG DE AN: 6->8
  FOR i IN 6..8 LOOP
    EXECUTE IMMEDIATE 'GRANT Truong_De_An TO NV'||LPAD(i, 3, '0');
  END LOOP;
  -- NHAN SU: 9->13  
   FOR i IN 9..13 LOOP
    EXECUTE IMMEDIATE 'GRANT Nhan_Su TO NV'||LPAD(i, 3, '0');
  END LOOP;
  -- TAI CHINH: 14->18
   FOR i IN 14..18 LOOP
    EXECUTE IMMEDIATE 'GRANT Tai_Chinh TO NV'||LPAD(i, 3, '0');
  END LOOP;
  -- TRUONG PHONG: 19->26
   FOR i IN 19..26 LOOP
    EXECUTE IMMEDIATE 'GRANT Truong_Phong TO NV'||LPAD(i, 3, '0');
  END LOOP;
  -- QL TRUC TIEP: 27->46
   FOR i IN 27..46 LOOP
    EXECUTE IMMEDIATE 'GRANT QL_Truc_Tiep TO NV'||LPAD(i, 3, '0');
  END LOOP;
  -- NHAN VIEN: 47 -> 346
   FOR i IN 47..346 LOOP
    EXECUTE IMMEDIATE 'GRANT Nhan_Vien TO NV'||LPAD(i, 3, '0');
  END LOOP;
END;

----GRANT CREATE SESSION
BEGIN
  FOR i IN 1..346 LOOP
    EXECUTE IMMEDIATE 'GRANT CREATE SESSION TO NV'||LPAD(i, 3, '0');
  END LOOP;
END;



--Drop policy
BEGIN
  dbms_rls.drop_policy(
    object_schema => 'QUANLY',
    object_name => 'PHANCONG',
    policy_name => 'policy_5'
  );
END;



--cs#1 
-- Nhan vien duoc xem thong tin cua chinh minh 
CREATE VIEW NHANVIEN_V
AS
SELECT MANV, TENNV, PHAI, NGAYSINH, DIACHI, SODT, LUONG, PHUCAP, VAITRO, MANQL, PHG FROM NHANVIEN WHERE MANV = SYS_CONTEXT('USERENV', 'SESSION_USER');
GRANT SELECT ON NHANVIEN_V TO Nhan_Vien;
-- Nhan vien duoc xem thong tin PHANCONG cua chinh minh
CREATE VIEW PHANCONG_V
AS
SELECT MANV, MADA, THOIGIAN FROM PHANCONG WHERE MANV = SYS_CONTEXT('USERENV', 'SESSION_USER');
GRANT SELECT ON PHANCONG_V TO Nhan_Vien;
-- Nhan vien chi duoc cap nhat lai thong tin ngaysinh, diachi, sodt cua chinh minh ma thoi
CREATE VIEW NHANVIENUPDATE_V
AS
SELECT NGAYSINH, DIACHI, SODT FROM NHANVIEN WHERE MANV = SYS_CONTEXT('USERENV', 'SESSION_USER');
GRANT UPDATE ON NHANVIENUPDATE_V TO Nhan_Vien;
--Nhan Vien duoc xem thong tin toan bo tren PHONGBAN 
GRANT SELECT ON PHONGBAN TO Nhan_Vien;
--Nhan Vien duoc xem thong tin toan bo tren DEAN
GRANT SELECT ON DEAN TO Nhan_Vien;



--cs#2

CREATE TABLE NHANVIENQUANLY(
  MANV VARCHAR2(5),
  TENNV VARCHAR2(30),
  MANVQL VARCHAR2(5),
  TENNVQL VARCHAR2(30),
  PRIMARY KEY(MANV, MANVQL)
);

select * from nhanvienquanly;

INSERT INTO NHANVIENQUANLY VALUES ('NV042', 'Ten Nhan Vien 42', 'NV014', 'Ten Nhan Vien 14');
INSERT INTO NHANVIENQUANLY VALUES ('NV041', 'Ten Nhan Vien 41', 'NV014', 'Ten Nhan Vien 14');
INSERT INTO NHANVIENQUANLY VALUES ('NV040', 'Ten Nhan Vien 40', 'NV014', 'Ten Nhan Vien 14');
INSERT INTO NHANVIENQUANLY VALUES ('NV043', 'Ten Nhan Vien 43', 'NV015', 'Ten Nhan Vien 15');
INSERT INTO NHANVIENQUANLY VALUES ('NV044', 'Ten Nhan Vien 44', 'NV015', 'Ten Nhan Vien 15');


--Quan ly truc tiep co quyen nhu mot nhan vien thong thuong
GRANT Nhan_Vien TO QL_Truc_Tiep;


CREATE VIEW NHANVIENQUANLY_V AS
SELECT MANV, TENNV, PHAI, NGAYSINH, DIACHI, SODT, VAITRO
FROM NHANVIEN;

--Cac nhan vien quan ly truc tiep co the xem cac thong tin nhan vien minh quan l
CREATE OR REPLACE FUNCTION sec_function_3 (
   schema_name VARCHAR2,
   object_name VARCHAR2
)
   RETURN VARCHAR2
AS
   predicate VARCHAR2 (200);
   ur VARCHAR2(100);
BEGIN
   ur := SYS_CONTEXT('USERENV', 'SESSION_USER');
   predicate := 'MANV IN (SELECT MANV FROM NHANVIENQUANLY WHERE MANVQL = ''' || ur || ''')';
   RETURN predicate;
END;
BEGIN
  DBMS_RLS.ADD_POLICY (
    object_schema   => 'QUANLY',
    object_name     => 'NHANVIENQUANLY_V',
    policy_name     => 'policy_7',
    policy_function => 'sec_function_3',
    statement_types => 'SELECT'
  );
END;
GRANT SELECT ON NHANVIENQUANLY_V TO QL_Truc_Tiep;
--Cac nhan vien quan ly truc tiep co the xem cac thong tin PHANCONG cua nhan vien minh quan l
CREATE VIEW NHANVIENQLPHANCONG_V AS
SELECT MANV, MADA, THOIGIAN
FROM PHANCONG;
BEGIN
  DBMS_RLS.ADD_POLICY (
    object_schema   => 'QUANLY',
    object_name     => 'NHANVIENQLPHANCONG_V',
    policy_name     => 'policy_8',
    policy_function => 'sec_function_3',
    statement_types => 'SELECT'
  );
END;

GRANT SELECT ON NHANVIENQLPHANCONG_V TO QL_Truc_Tiep;


--cs#3
-- Truong phong co cac quyen nhu mot nhan vien binh thuong
GRANT Nhan_Vien TO Truong_Phong;
-- Bang cac nhan vien thuoc phong ban nao 
CREATE TABLE NHANVIENPHONGBAN(
  MAPB VARCHAR2(5),
  TENPB VARCHAR2(20),
  MANV VARCHAR2(5),
  TENNV VARCHAR2(30),
  MANVTPB VARCHAR2(5),
  TENNVTPB VARCHAR2(30),
  PRIMARY KEY(MAPB, MANV, MANVTPB)
);

INSERT INTO NHANVIENPHONGBAN VALUES('PHG03', 'ten phong 3', 'NV033', 'Ten nhan vien 33', 'NV011', 'Ten Nhan Vien 11');
INSERT INTO NHANVIENPHONGBAN VALUES('PHG03', 'ten phong 3', 'NV034', 'Ten nhan vien 34', 'NV011', 'Ten Nhan Vien 11');
INSERT INTO NHANVIENPHONGBAN VALUES('PHG03', 'ten phong 3', 'NV035', 'Ten nhan vien 35', 'NV011', 'Ten Nhan Vien 11');
INSERT INTO NHANVIENPHONGBAN VALUES('PHG04', 'ten phong 4', 'NV036', 'Ten nhan vien 36', 'NV012', 'Ten Nhan Vien 12');
INSERT INTO NHANVIENPHONGBAN VALUES('PHG04', 'ten phong 4', 'NV037', 'Ten nhan vien 37', 'NV012', 'Ten Nhan Vien 12');
INSERT INTO NHANVIENPHONGBAN VALUES('PHG04', 'ten phong 4', 'NV038', 'Ten nhan vien 38', 'NV012', 'Ten Nhan Vien 12');

CREATE VIEW NHANVIENPHONGBAN_V AS
SELECT MANV, TENNV, PHAI, NGAYSINH, DIACHI, SODT, VAITRO
FROM NHANVIEN;

--Cac nhan vien truong phong ban co the xem cac thong tin nhan vien minh phong ban cua minh
CREATE OR REPLACE FUNCTION sec_function_4 (
   schema_name VARCHAR2,
   object_name VARCHAR2
)
   RETURN VARCHAR2
AS
   predicate VARCHAR2 (200);
   ur VARCHAR2(100);
BEGIN
   ur := SYS_CONTEXT('USERENV', 'SESSION_USER');
   predicate := 'MANV IN (SELECT MANV FROM NHANVIENPHONGBAN WHERE MANVTPB = ''' || ur || ''')';
   RETURN predicate;
END;
BEGIN
  DBMS_RLS.ADD_POLICY (
    object_schema   => 'QUANLY',
    object_name     => 'NHANVIENPHONGBAN_V',
    policy_name     => 'policy_9',
    policy_function => 'sec_function_4',
    statement_types => 'SELECT'
  );
END;
GRANT SELECT ON NHANVIENPHONGBAN_V TO Truong_Phong;
--Cac nhan vien truong phong ban co the xem chinh sua cac thong tin nhan vien tren bang PHANCONG thuoc phong ban minh
CREATE VIEW NHANVIENPBPHANCONG_V AS
SELECT MANV, MADA, THOIGIAN
FROM PHANCONG WHERE MANV IN (SELECT MANV FROM NHANVIENPHONGBAN WHERE MANVTPB = SYS_CONTEXT('USERENV', 'SESSION_USER'));

GRANT SELECT, UPDATE, DELETE, INSERT ON NHANVIENPBPHANCONG_V TO Truong_Phong;

--CS4
--Nhan vien tai chinh co quyen nhu mot nhan vien thong thuong
GRANT Nhan_Vien TO Tai_Chinh;

--Nhan vien tai chinh dc select tren tat ca cac thuoc tinh cua nhanvien va phancong
CREATE OR REPLACE VIEW TC_NHANVIEN
AS
SELECT NV.MANV, NV.TENNV, NV.PHAI, NV.NGAYSINH, NV.DIACHI, NV.SODT
FROM NHANVIEN NV;

CREATE OR REPLACE VIEW TC_PHANCONG
AS
SELECT NV.MANV, PC.MADA, PC.THOIGIAN
FROM NHANVIEN NV JOIN PHANCONG PC ON NV.MANV = PC.MANV;

GRANT SELECT ON TC_NHANVIEN TO Tai_Chinh;
GRANT SELECT ON TC_PHANCONG TO Tai_Chinh;

--Nhan vien tai chinh dc update tren truong Luong va phu 

BEGIN
  dbms_rls.drop_policy(
    object_schema => 'QUANLY',
    object_name => 'NHANVIEN',
    policy_name => 'policy_1'
  );
END;
BEGIN
  DBMS_RLS.ADD_POLICY (
    object_schema     => 'QUANLY',
    object_name       => 'NHANVIEN',
    policy_name       => 'policy_1',
    policy_function   => 'sec_function_1',
    statement_types   => 'UPDATE',
    sec_relevant_cols => 'LUONG, PHUCAP'
  );
END;

CREATE OR REPLACE FUNCTION sec_function_1 (
  p_schema VARCHAR2,
  p_obj    VARCHAR2
)
RETURN VARCHAR2
AS
BEGIN
  RETURN '';
END;
--CS5

--Co quyen nhu la mot nhan vien thong thuong (vai tro "Nhan vien").
GRANT Nhan_Vien TO Nhan_Su;
--Duoc quyen them, cap nhat tren quan he PHONGBAN.
CREATE OR REPLACE VIEW PHONGBAN_VIEW AS
SELECT MAPB, TENPB, TRPHG
FROM PHONGBAN;

GRANT INSERT, UPDATE ON PHONGBAN_VIEW TO Nhan_Su;

 
--cap nhat du lieu trong quan he NHANVIEN voi gia tri cac truong LUONG, PHUCAP la mang gia tri mac dinh la NULL, 
CREATE OR REPLACE VIEW NHANVIEN_VIEW_luong_phucap_null AS
SELECT MANV, TENNV, PHAI, NGAYSINH, DIACHI, SODT, LUONG, PHUCAP, VAITRO, MANQL, PHG
FROM NHANVIEN WHERE LUONG IS NULL OR PHUCAP IS NULL;
GRANT UPDATE ON NHANVIEN_VIEW_luong_phucap_null TO Nhan_Su;
-- xem du lieu nhan vien tru 
CREATE VIEW NHANVIENNHANSU_V AS
SELECT MANV, TENNV, PHAI, NGAYSINH, DIACHI, SODT, VAITRO
FROM NHANVIEN;
GRANT SELECT ON NHANVIENNHANSU_V TO Nhan_Su;
--them du lieu trong quan he nhan vien
grant insert on  NHANVIENNHANSU_V to Nhan_Su;


--CS6

--Truong de an co quyen nhu mot nhan vien thong thuong
GRANT Nhan_Vien TO Truong_De_An;

--Duoc quyen them xao cap nhat tren quan he de an
CREATE OR REPLACE VIEW TDA_DEAN
AS
SELECT DA.MADA, DA.TENDA, DA.NGAYBD, DA.PHONG
FROM DEAN DA;

GRANT INSERT, DELETE, UPDATE ON TDA_DEAN TO Truong_De_An;



SELECT * from quanly.TDA_DEAN 


