alter session set "_ORACLE_SCRIPT"=true;


CREATE TABLE NHANVIEN(
MANV VARCHAR2(5),
TENNV VARCHAR2(30),
PHAI VARCHAR2(3),
NGAYSINH DATE,
DIACHI VARCHAR2(50),
SODT VARCHAR2(11),
LUONG FLOAT,
PHUCAP FLOAT,
VAITRO VARCHAR2(20),
MANQL VARCHAR2(5),
PHG VARCHAR2(5),
PRIMARY KEY (MANV)
)

CREATE TABLE PHONGBAN (
MAPB VARCHAR2(5),
TENPB VARCHAR2(20),
TRPHG VARCHAR2(5),
PRIMARY KEY (MAPB)
);


CREATE TABLE DEAN (
MADA VARCHAR2(5),
TENDA VARCHAR2(14),
NGAYBD DATE,
PHONG VARCHAR2(5),
PRIMARY KEY (MADA)
);

CREATE TABLE PHANCONG (
MANV VARCHAR2(5),
MADA VARCHAR2(5),
THOIGIAN DATE,
PRIMARY KEY (MANV,MADA)
);

--nhan vien
insert into NHANVIEN (MANV, TENNV, PHAI, NGAYSINH , DIACHI, SODT, LUONG, PHUCAP, VAITRO, MANQL, PHG) values ('NV001', 'Ten Nhan Vien 1', 'NAM', date'2002-11-28', '6963 Oriole Circle', '4364065854', '3000', '200', 'BAN GIAM DOC', NULL, NULL);
insert into NHANVIEN (MANV, TENNV, PHAI, NGAYSINH , DIACHI, SODT, LUONG, PHUCAP, VAITRO, MANQL, PHG) values ('NV002', 'Ten Nhan Vien 2', 'NU', date'2002-04-29', '45 Kennedy Avenue', '3559491934', '3000', '200', 'BAN GIAM DOC', NULL, NULL);
insert into NHANVIEN (MANV, TENNV, PHAI, NGAYSINH , DIACHI, SODT, LUONG, PHUCAP, VAITRO, MANQL, PHG) values ('NV003', 'Ten Nhan Vien 3', 'NAM', date'2002-09-14', '542 7th Alley', '7677502417', '3000', '200', 'BAN GIAM DOC', NULL, NULL);
insert into NHANVIEN (MANV, TENNV, PHAI, NGAYSINH , DIACHI, SODT, LUONG, PHUCAP, VAITRO, MANQL, PHG) values ('NV004', 'Ten Nhan Vien 4', 'NU', date'2002-01-05', '2 Dunning Place', '5996017392', '2000', '150', 'TRUONG DE AN', NULL, NULL);
insert into NHANVIEN (MANV, TENNV, PHAI, NGAYSINH , DIACHI, SODT, LUONG, PHUCAP, VAITRO, MANQL, PHG) values ('NV005', 'Ten Nhan Vien 5', 'NAM', date'2002-03-23', '243 Comanche Crossing', '9678567026', '2000', '150', 'TRUONG DE AN', NULL, NULL);
insert into NHANVIEN (MANV, TENNV, PHAI, NGAYSINH , DIACHI, SODT, LUONG, PHUCAP, VAITRO, MANQL, PHG) values ('NV006', 'Ten Nhan Vien 6', 'NU', date'2002-08-18', '68 Sachtjen Pass', '6913143759', '2000', '150', 'TRUONG DE AN', NULL, NULL);
insert into NHANVIEN (MANV, TENNV, PHAI, NGAYSINH , DIACHI, SODT, LUONG, PHUCAP, VAITRO, MANQL, PHG) values ('NV007', 'Ten Nhan Vien 7', 'NAM', date'2002-12-29', '4022 Norway Maple Point', '4883574039', '2000', '150', 'TRUONG DE AN', NULL, NULL);
insert into NHANVIEN (MANV, TENNV, PHAI, NGAYSINH , DIACHI, SODT, LUONG, PHUCAP, VAITRO, MANQL, PHG) values ('NV008', 'Ten Nhan Vien 8', 'NU', date'2002-08-10', '5072 Rieder Crossing', '9346911095', '2000', '150', 'TRUONG DE AN', NULL, NULL);
insert into NHANVIEN (MANV, TENNV, PHAI, NGAYSINH , DIACHI, SODT, LUONG, PHUCAP, VAITRO, MANQL, PHG) values ('NV009', 'Ten Nhan Vien 9', 'NAM', date'2002-10-28', '5468 Moose Alley', '2689300592', '2000', '150', 'TRUONG PHONG', NULL, NULL);
insert into NHANVIEN (MANV, TENNV, PHAI, NGAYSINH , DIACHI, SODT, LUONG, PHUCAP, VAITRO, MANQL, PHG) values ('NV010', 'Ten Nhan Vien 10', 'NU', date'2002-04-13', '51222 Montana Place', '5733328984', '2000', '150', 'TRUONG PHONG', NULL, NULL);
insert into NHANVIEN (MANV, TENNV, PHAI, NGAYSINH , DIACHI, SODT, LUONG, PHUCAP, VAITRO, MANQL, PHG) values ('NV011', 'Ten Nhan Vien 11', 'NAM', date'2002-04-27', '1838 Ridgeway Court', '9069541402', '2000', '150', 'TRUONG PHONG', NULL, NULL);
insert into NHANVIEN (MANV, TENNV, PHAI, NGAYSINH , DIACHI, SODT, LUONG, PHUCAP, VAITRO, MANQL, PHG) values ('NV012', 'Ten Nhan Vien 12', 'NU', date'2002-10-30', '129 Meadow Valley Place', '2936522276', '2000', '150', 'TRUONG PHONG', NULL, NULL);
insert into NHANVIEN (MANV, TENNV, PHAI, NGAYSINH , DIACHI, SODT, LUONG, PHUCAP, VAITRO, MANQL, PHG) values ('NV013', 'Ten Nhan Vien 13', 'NAM', date'2002-11-14', '8 Coleman Crossing', '1981875292', '2000', '150', 'TRUONG PHONG', NULL, NULL);
insert into NHANVIEN (MANV, TENNV, PHAI, NGAYSINH , DIACHI, SODT, LUONG, PHUCAP, VAITRO, MANQL, PHG) values ('NV014', 'Ten Nhan Vien 14', 'NU', date'2002-04-13', '34695 Rutledge Lane', '1449242266', '1000', '100', 'QL TRUC TIEP', 'NV014', NULL);
insert into NHANVIEN (MANV, TENNV, PHAI, NGAYSINH , DIACHI, SODT, LUONG, PHUCAP, VAITRO, MANQL, PHG) values ('NV015', 'Ten Nhan Vien 15', 'NAM', date'2002-02-23', '150 Northwestern Center', '6228271015', '1000', '100', 'QL TRUC TIEP', 'NV015', NULL);
insert into NHANVIEN (MANV, TENNV, PHAI, NGAYSINH , DIACHI, SODT, LUONG, PHUCAP, VAITRO, MANQL, PHG) values ('NV016', 'Ten Nhan Vien 16', 'NU', date'2002-06-07', '9177 Arizona Junction', '2954507729', '1000', '100', 'QL TRUC TIEP', 'NV016', NULL);
insert into NHANVIEN (MANV, TENNV, PHAI, NGAYSINH , DIACHI, SODT, LUONG, PHUCAP, VAITRO, MANQL, PHG) values ('NV017', 'Ten Nhan Vien 17', 'NAM', date'2002-10-15', '806 Rusk Crossing', '2337778518', '1000', '100', 'QL TRUC TIEP', 'NV017', NULL);
insert into NHANVIEN (MANV, TENNV, PHAI, NGAYSINH , DIACHI, SODT, LUONG, PHUCAP, VAITRO, MANQL, PHG) values ('NV018', 'Ten Nhan Vien 18', 'NU', date'2002-09-11', '73 Kipling Court', '7012321461', '1000', '100', 'QL TRUC TIEP', 'NV018', NULL);
insert into NHANVIEN (MANV, TENNV, PHAI, NGAYSINH , DIACHI, SODT, LUONG, PHUCAP, VAITRO, MANQL, PHG) values ('NV019', 'Ten Nhan Vien 19', 'NAM', date'2002-05-27', '3047 Talisman Center', '4179577996', '1000', '100', 'TAI CHINH', NULL, NULL);
insert into NHANVIEN (MANV, TENNV, PHAI, NGAYSINH , DIACHI, SODT, LUONG, PHUCAP, VAITRO, MANQL, PHG) values ('NV020', 'Ten Nhan Vien 20', 'NU', date'2002-03-03', '390 International Circle', '6834761908', '1000', '100', 'TAI CHINH', NULL, NULL);
insert into NHANVIEN (MANV, TENNV, PHAI, NGAYSINH , DIACHI, SODT, LUONG, PHUCAP, VAITRO, MANQL, PHG) values ('NV021', 'Ten Nhan Vien 21', 'NAM', date'2002-05-28', '5090 Waxwing Plaza', '8988111845', '1000', '100', 'TAI CHINH', NULL, NULL);
insert into NHANVIEN (MANV, TENNV, PHAI, NGAYSINH , DIACHI, SODT, LUONG, PHUCAP, VAITRO, MANQL, PHG) values ('NV022', 'Ten Nhan Vien 22', 'NU', date'2002-10-04', '874 Holy Cross Trail', '9112092156', '1000', '100', 'TAI CHINH', NULL, NULL);
insert into NHANVIEN (MANV, TENNV, PHAI, NGAYSINH , DIACHI, SODT, LUONG, PHUCAP, VAITRO, MANQL, PHG) values ('NV023', 'Ten Nhan Vien 23', 'NAM', date'2002-03-17', '43438 Sauthoff Place', '8975173172', '1000', '100', 'TAI CHINH', NULL, NULL);
insert into NHANVIEN (MANV, TENNV, PHAI, NGAYSINH , DIACHI, SODT, LUONG, PHUCAP, VAITRO, MANQL, PHG) values ('NV024', 'Ten Nhan Vien 24', 'NU', date'2002-01-14', '1 Surrey Trail', '3695303826', '1000', '100', 'TAI CHINH', NULL, NULL);
insert into NHANVIEN (MANV, TENNV, PHAI, NGAYSINH , DIACHI, SODT, LUONG, PHUCAP, VAITRO, MANQL, PHG) values ('NV025', 'Ten Nhan Vien 25', 'NAM', date'2002-06-29', '4 Bay Alley', '1838070535', '1000', '100', 'TAI CHINH', NULL, NULL);
insert into NHANVIEN (MANV, TENNV, PHAI, NGAYSINH , DIACHI, SODT, LUONG, PHUCAP, VAITRO, MANQL, PHG) values ('NV026', 'Ten Nhan Vien 26', 'NU', date'2002-10-12', '4881 Merchant Alley', '7237803030', '1000', '100', 'TAI CHINH', NULL, NULL);
insert into NHANVIEN (MANV, TENNV, PHAI, NGAYSINH , DIACHI, SODT, LUONG, PHUCAP, VAITRO, MANQL, PHG) values ('NV027', 'Ten Nhan Vien 27', 'NAM', date'2002-01-16', '7 Oxford Avenue', '5032805495', '1000', '100', 'TAI CHINH', NULL, NULL);
insert into NHANVIEN (MANV, TENNV, PHAI, NGAYSINH , DIACHI, SODT, LUONG, PHUCAP, VAITRO, MANQL, PHG) values ('NV028', 'Ten Nhan Vien 28', 'NU', date'2002-05-11', '152 Blaine Plaza', '1818115618', '1000', '100', 'TAI CHINH', NULL, NULL);
insert into NHANVIEN (MANV, TENNV, PHAI, NGAYSINH , DIACHI, SODT, LUONG, PHUCAP, VAITRO, MANQL, PHG) values ('NV029', 'Ten Nhan Vien 29', 'NAM', date'2002-11-12', '15952 Oneill Pass', '2142704566', '1000', '100', 'NHAN SU', NULL, NULL);
insert into NHANVIEN (MANV, TENNV, PHAI, NGAYSINH , DIACHI, SODT, LUONG, PHUCAP, VAITRO, MANQL, PHG) values ('NV030', 'Ten Nhan Vien 30', 'NU', date'2002-02-03', '2 Lerdahl Point', '1969587340', '1000', '100', 'NHAN SU', NULL, NULL);
insert into NHANVIEN (MANV, TENNV, PHAI, NGAYSINH , DIACHI, SODT, LUONG, PHUCAP, VAITRO, MANQL, PHG) values ('NV031', 'Ten Nhan Vien 31', 'NAM', date'2002-07-08', '1 Oakridge Terrace', '7205288215', '1000', '100', 'NHAN SU', NULL, NULL);
insert into NHANVIEN (MANV, TENNV, PHAI, NGAYSINH , DIACHI, SODT, LUONG, PHUCAP, VAITRO, MANQL, PHG) values ('NV032', 'Ten Nhan Vien 32', 'NU', date'2002-02-21', '033 Sunnyside Alley', '1854657410', '1000', '100', 'NHAN SU', NULL, NULL);
insert into NHANVIEN (MANV, TENNV, PHAI, NGAYSINH , DIACHI, SODT, LUONG, PHUCAP, VAITRO, MANQL, PHG) values ('NV033', 'Ten Nhan Vien 33', 'NAM', date'2002-12-26', '1 Towne Way', '3922837433', '1000', '100', 'NHAN SU', NULL, NULL);
insert into NHANVIEN (MANV, TENNV, PHAI, NGAYSINH , DIACHI, SODT, LUONG, PHUCAP, VAITRO, MANQL, PHG) values ('NV034', 'Ten Nhan Vien 34', 'NU', date'2002-07-26', '2777 Nova Way', '2921181402', '1000', '100', 'NHAN SU', NULL, NULL);
insert into NHANVIEN (MANV, TENNV, PHAI, NGAYSINH , DIACHI, SODT, LUONG, PHUCAP, VAITRO, MANQL, PHG) values ('NV035', 'Ten Nhan Vien 35', 'NAM', date'2002-05-02', '62 Welch Alley', '5191698855', '1000', '100', 'NHAN SU', NULL, NULL);
insert into NHANVIEN (MANV, TENNV, PHAI, NGAYSINH , DIACHI, SODT, LUONG, PHUCAP, VAITRO, MANQL, PHG) values ('NV036', 'Ten Nhan Vien 36', 'NU', date'2002-07-07', '0002 Bashford Lane', '7095762297', '1000', '100', 'NHAN SU', NULL, NULL);
insert into NHANVIEN (MANV, TENNV, PHAI, NGAYSINH , DIACHI, SODT, LUONG, PHUCAP, VAITRO, MANQL, PHG) values ('NV037', 'Ten Nhan Vien 37', 'NAM', date'2002-11-09', '10048 Delaware Center', '3093060250', '1000', '100', 'NHAN SU', NULL, NULL);
insert into NHANVIEN (MANV, TENNV, PHAI, NGAYSINH , DIACHI, SODT, LUONG, PHUCAP, VAITRO, MANQL, PHG) values ('NV038', 'Ten Nhan Vien 38', 'NU', date'2002-09-14', '8 Hoard Hill', '7555724253', '1000', '100', 'NHAN SU', NULL, NULL);
insert into NHANVIEN (MANV, TENNV, PHAI, NGAYSINH , DIACHI, SODT, LUONG, PHUCAP, VAITRO, MANQL, PHG) values ('NV039', 'Ten Nhan Vien 39', 'NAM', date'2002-12-04', '08044 Manitowish Parkway', '1556209212', '1000', '100', 'NHAN VIEN', NULL, 'PHG01');
insert into NHANVIEN (MANV, TENNV, PHAI, NGAYSINH , DIACHI, SODT, LUONG, PHUCAP, VAITRO, MANQL, PHG) values ('NV040', 'Ten Nhan Vien 40', 'NU', date'2002-12-11', '0 2nd Terrace', '3565885815', '1000', '100', 'NHAN VIEN', NULL, 'PHG01');
insert into NHANVIEN (MANV, TENNV, PHAI, NGAYSINH , DIACHI, SODT, LUONG, PHUCAP, VAITRO, MANQL, PHG) values ('NV041', 'Ten Nhan Vien 41', 'NAM', date'2002-12-10', '901 5th Trail', '9904071919', '1000', '100', 'NHAN VIEN', NULL, 'PHG01');
insert into NHANVIEN (MANV, TENNV, PHAI, NGAYSINH , DIACHI, SODT, LUONG, PHUCAP, VAITRO, MANQL, PHG) values ('NV042', 'Ten Nhan Vien 42', 'NU', date'2002-05-26', '5 Meadow Valley Court', '1561270259', '1000', '100', 'NHAN VIEN', NULL, 'PHG01');
insert into NHANVIEN (MANV, TENNV, PHAI, NGAYSINH , DIACHI, SODT, LUONG, PHUCAP, VAITRO, MANQL, PHG) values ('NV043', 'Ten Nhan Vien 43', 'NAM', date'2002-11-06', '33 Knutson Drive', '5052174499', '1000', '100', 'NHAN VIEN', NULL, 'PHG01');
insert into NHANVIEN (MANV, TENNV, PHAI, NGAYSINH , DIACHI, SODT, LUONG, PHUCAP, VAITRO, MANQL, PHG) values ('NV044', 'Ten Nhan Vien 44', 'NU', date'2002-02-20', '231 Glacier Hill Center', '5719514045', '1000', '100', 'NHAN VIEN', NULL, 'PHG01');
insert into NHANVIEN (MANV, TENNV, PHAI, NGAYSINH , DIACHI, SODT, LUONG, PHUCAP, VAITRO, MANQL, PHG) values ('NV045', 'Ten Nhan Vien 45', 'NAM', date'2002-12-10', '17773 Tennyson Junction', '4517098846', '1000', '100', 'NHAN VIEN', NULL, 'PHG01');
insert into NHANVIEN (MANV, TENNV, PHAI, NGAYSINH , DIACHI, SODT, LUONG, PHUCAP, VAITRO, MANQL, PHG) values ('NV046', 'Ten Nhan Vien 46', 'NU', date'2002-08-25', '5908 Lerdahl Way', '6249969367', '1000', '100', 'NHAN VIEN', NULL, 'PHG01');
insert into NHANVIEN (MANV, TENNV, PHAI, NGAYSINH , DIACHI, SODT, LUONG, PHUCAP, VAITRO, MANQL, PHG) values ('NV047', 'Ten Nhan Vien 47', 'NAM', date'2002-04-23', '733 Chinook Point', '5456646935', '1000', '100', 'NHAN VIEN', NULL, 'PHG01');
insert into NHANVIEN (MANV, TENNV, PHAI, NGAYSINH , DIACHI, SODT, LUONG, PHUCAP, VAITRO, MANQL, PHG) values ('NV048', 'Ten Nhan Vien 48', 'NU', date'2002-02-19', '6 Commercial Pass', '3384369132', '1000', '100', 'NHAN VIEN', NULL, 'PHG01');
insert into NHANVIEN (MANV, TENNV, PHAI, NGAYSINH , DIACHI, SODT, LUONG, PHUCAP, VAITRO, MANQL, PHG) values ('NV049', 'Ten Nhan Vien 49', 'NAM', date'2002-07-09', '067 Gerald Alley', '4196026999', '1000', '100', 'NHAN VIEN', NULL, 'PHG01');
insert into NHANVIEN (MANV, TENNV, PHAI, NGAYSINH , DIACHI, SODT, LUONG, PHUCAP, VAITRO, MANQL, PHG) values ('NV050', 'Ten Nhan Vien 50', 'NU', date'2002-04-23', '8009 Park Meadow Drive', '5298185956', '1000', '100', 'NHAN VIEN', NULL, 'PHG02');
insert into NHANVIEN (MANV, TENNV, PHAI, NGAYSINH , DIACHI, SODT, LUONG, PHUCAP, VAITRO, MANQL, PHG) values ('NV051', 'Ten Nhan Vien 51', 'NAM', date'2002-11-26', '46 Farragut Street', '7321947137', '1000', '100', 'NHAN VIEN', NULL, 'PHG02');
insert into NHANVIEN (MANV, TENNV, PHAI, NGAYSINH , DIACHI, SODT, LUONG, PHUCAP, VAITRO, MANQL, PHG) values ('NV052', 'Ten Nhan Vien 52', 'NU', date'2002-04-12', '88 Arrowood Road', '9189897259', '1000', '100', 'NHAN VIEN', NULL, 'PHG02');
insert into NHANVIEN (MANV, TENNV, PHAI, NGAYSINH , DIACHI, SODT, LUONG, PHUCAP, VAITRO, MANQL, PHG) values ('NV053', 'Ten Nhan Vien 53', 'NAM', date'2002-07-01', '29 Towne Alley', '6872845339', '1000', '100', 'NHAN VIEN', NULL, 'PHG02');
insert into NHANVIEN (MANV, TENNV, PHAI, NGAYSINH , DIACHI, SODT, LUONG, PHUCAP, VAITRO, MANQL, PHG) values ('NV054', 'Ten Nhan Vien 54', 'NU', date'2002-03-30', '60 Spenser Center', '7575778691', '1000', '100', 'NHAN VIEN', NULL, 'PHG02');
insert into NHANVIEN (MANV, TENNV, PHAI, NGAYSINH , DIACHI, SODT, LUONG, PHUCAP, VAITRO, MANQL, PHG) values ('NV055', 'Ten Nhan Vien 55', 'NAM', date'2002-11-07', '67 Northridge Junction', '8371015065', '1000', '100', 'NHAN VIEN', NULL, 'PHG02');
insert into NHANVIEN (MANV, TENNV, PHAI, NGAYSINH , DIACHI, SODT, LUONG, PHUCAP, VAITRO, MANQL, PHG) values ('NV056', 'Ten Nhan Vien 56', 'NU', date'2002-06-03', '3 Dexter Terrace', '2779018083', '1000', '100', 'NHAN VIEN', NULL, 'PHG02');
insert into NHANVIEN (MANV, TENNV, PHAI, NGAYSINH , DIACHI, SODT, LUONG, PHUCAP, VAITRO, MANQL, PHG) values ('NV057', 'Ten Nhan Vien 57', 'NAM', date'2002-04-27', '51204 Melrose Center', '9183401780', '1000', '100', 'NHAN VIEN', NULL, 'PHG02');
insert into NHANVIEN (MANV, TENNV, PHAI, NGAYSINH , DIACHI, SODT, LUONG, PHUCAP, VAITRO, MANQL, PHG) values ('NV058', 'Ten Nhan Vien 58', 'NU', date'2002-03-28', '31188 Di Loreto Street', '4528665561', '1000', '100', 'NHAN VIEN', NULL, 'PHG02');
insert into NHANVIEN (MANV, TENNV, PHAI, NGAYSINH , DIACHI, SODT, LUONG, PHUCAP, VAITRO, MANQL, PHG) values ('NV059', 'Ten Nhan Vien 59', 'NAM', date'2002-01-21', '80 Pearson Center', '4795112825', '1000', '100', 'NHAN VIEN', NULL, 'PHG02');
insert into NHANVIEN (MANV, TENNV, PHAI, NGAYSINH , DIACHI, SODT, LUONG, PHUCAP, VAITRO, MANQL, PHG) values ('NV060', 'Ten Nhan Vien 60', 'NU', date'2002-08-01', '808 Duke Pass', '4881866753', '1000', '100', 'NHAN VIEN', NULL, 'PHG02');
--phong ban
insert into PHONGBAN (MAPB, TENPB, TRPHG) values ('PHG01', 'Tai Chinh', 'NV009');
insert into PHONGBAN (MAPB, TENPB, TRPHG) values ('PHG02', 'Nhan Su', 'NV010');
insert into PHONGBAN (MAPB, TENPB, TRPHG) values ('PHG03', 'ten phong 3', 'NV011');
insert into PHONGBAN (MAPB, TENPB, TRPHG) values ('PHG04', 'ten phong 4', 'NV012');
insert into PHONGBAN (MAPB, TENPB, TRPHG) values ('PHG05', 'ten phong 5', 'NV013');

-- de an
insert into DEAN (MADA, TENDA, NGAYBD, PHONG) values ('DA001', 'Ten de an 1', date'2022-05-18', 'PHG01');
insert into DEAN (MADA, TENDA, NGAYBD, PHONG) values ('DA002', 'Ten de an 2', date'2022-08-10', 'PHG02');
insert into DEAN (MADA, TENDA, NGAYBD, PHONG) values ('DA003', 'Ten de an 3', date'2022-07-13', 'PHG03');
insert into DEAN (MADA, TENDA, NGAYBD, PHONG) values ('DA004', 'Ten de an 4', date'2022-06-06', 'PHG04');
insert into DEAN (MADA, TENDA, NGAYBD, PHONG) values ('DA005', 'Ten de an 5', date'2022-10-20', 'PHG05');
-- phan cong
insert into PHANCONG (MANV, MADA, THOIGIAN) values ('NV019', 'DA001', date'2023-03-14');
insert into PHANCONG (MANV, MADA, THOIGIAN) values ('NV020', 'DA001', date'2023-01-04');
insert into PHANCONG (MANV, MADA, THOIGIAN) values ('NV021', 'DA001', date'2023-03-26');
insert into PHANCONG (MANV, MADA, THOIGIAN) values ('NV022', 'DA001', date'2023-03-26');
insert into PHANCONG (MANV, MADA, THOIGIAN) values ('NV023', 'DA001', date'2023-02-11');
insert into PHANCONG (MANV, MADA, THOIGIAN) values ('NV024', 'DA001', date'2023-01-18');
insert into PHANCONG (MANV, MADA, THOIGIAN) values ('NV025', 'DA001', date'2023-02-18');
insert into PHANCONG (MANV, MADA, THOIGIAN) values ('NV026', 'DA001', date'2023-01-31');
insert into PHANCONG (MANV, MADA, THOIGIAN) values ('NV027', 'DA001', date'2023-01-27');
insert into PHANCONG (MANV, MADA, THOIGIAN) values ('NV028', 'DA001', date'2023-03-15');
insert into PHANCONG (MANV, MADA, THOIGIAN) values ('NV029', 'DA002', date'2023-03-22');
insert into PHANCONG (MANV, MADA, THOIGIAN) values ('NV030', 'DA002', date'2023-03-21');
insert into PHANCONG (MANV, MADA, THOIGIAN) values ('NV031', 'DA002', date'2023-02-24');
insert into PHANCONG (MANV, MADA, THOIGIAN) values ('NV032', 'DA002', date'2023-02-25');
insert into PHANCONG (MANV, MADA, THOIGIAN) values ('NV033', 'DA002', date'2023-03-03');
insert into PHANCONG (MANV, MADA, THOIGIAN) values ('NV034', 'DA002', date'2023-01-01');
insert into PHANCONG (MANV, MADA, THOIGIAN) values ('NV035', 'DA002', date'2023-03-14');
insert into PHANCONG (MANV, MADA, THOIGIAN) values ('NV036', 'DA002', date'2023-01-11');
insert into PHANCONG (MANV, MADA, THOIGIAN) values ('NV037', 'DA002', date'2023-01-03');
insert into PHANCONG (MANV, MADA, THOIGIAN) values ('NV038', 'DA002', date'2023-01-30');

alter session set "_ORACLE_SCRIPT"=true;

create role Ban_Giam_Doc;
create role Truong_Phong;
create role Tai_Chinh;
create role Nhan_Su ;
create role Truong_De_An;
create role QL_Truc_Tiep;
create role Nhan_Vien;


--giam doc  1->3
CREATE USER Nhan_Vien_1 IDENTIFIED BY 123;
CREATE USER Nhan_Vien_2 IDENTIFIED BY 123;
CREATE USER Nhan_Vien_3 IDENTIFIED BY 123;

GRANT Ban_Giam_Doc TO Nhan_Vien_1;
GRANT Ban_Giam_Doc TO Nhan_Vien_2;
GRANT Ban_Giam_Doc TO Nhan_Vien_3;

-- truong de an 4-8
CREATE USER Nhan_Vien_4 IDENTIFIED BY 123;
CREATE USER Nhan_Vien_5 IDENTIFIED BY 123;
CREATE USER Nhan_Vien_6 IDENTIFIED BY 123;

GRANT Truong_De_An TO Nhan_Vien_4;
GRANT Truong_De_An TO Nhan_Vien_5;
GRANT Truong_De_An TO Nhan_Vien_6;
--truong phong 9-13
CREATE USER Nhan_Vien_10 IDENTIFIED BY 123;
CREATE USER Nhan_Vien_11 IDENTIFIED BY 123;
CREATE USER Nhan_Vien_12 IDENTIFIED BY 123;

GRANT Truong_Phong TO Nhan_Vien_10;
GRANT Truong_Phong TO Nhan_Vien_11;
GRANT Truong_Phong TO Nhan_Vien_12;


--ql_truc QL_Truc_Tiep 14-18
CREATE USER Nhan_Vien_15 IDENTIFIED BY 123;
CREATE USER Nhan_Vien_16 IDENTIFIED BY 123;
CREATE USER Nhan_Vien_17 IDENTIFIED BY 123;

GRANT QL_Truc_Tiep TO Nhan_Vien_15;
GRANT QL_Truc_Tiep TO Nhan_Vien_16;
GRANT QL_Truc_Tiep TO Nhan_Vien_17;
--tai chinh Tai_Chinh 19-28
CREATE USER Nhan_Vien_20 IDENTIFIED BY 123;
CREATE USER Nhan_Vien_21 IDENTIFIED BY 123;
CREATE USER Nhan_Vien_22 IDENTIFIED BY 123;

GRANT Tai_Chinh TO Nhan_Vien_20;
GRANT Tai_Chinh TO Nhan_Vien_21;
GRANT Tai_Chinh TO Nhan_Vien_22;
--nhan su Nhan_Su 29-38
CREATE USER Nhan_Vien_31 IDENTIFIED BY 123;
CREATE USER Nhan_Vien_32 IDENTIFIED BY 123;
CREATE USER Nhan_Vien_33 IDENTIFIED BY 123;

GRANT Nhan_Su TO Nhan_Vien_31;
GRANT Nhan_Su TO Nhan_Vien_32;
GRANT Nhan_Su TO Nhan_Vien_33;
--nhan vien Nhan_Vien
CREATE USER Nhan_Vien_40 IDENTIFIED BY 123;
CREATE USER Nhan_Vien_41 IDENTIFIED BY 123;
CREATE USER Nhan_Vien_42 IDENTIFIED BY 123;

GRANT Nhan_Vien TO Nhan_Vien_40;
GRANT Nhan_Vien TO Nhan_Vien_41;
GRANT Nhan_Vien TO Nhan_Vien_42;

CREATE USER QUANLY IDENTIFIED BY 12345;

GRANT SELECT, INSERT, UPDATE, DELETE ON NHANVIEN TO QUANLY WITH GRANT OPTION;
GRANT SELECT, INSERT, UPDATE, DELETE ON PHONGBAN TO QUANLY WITH GRANT OPTION;
GRANT SELECT, INSERT, UPDATE, DELETE ON DEAN TO QUANLY WITH GRANT OPTION;
GRANT SELECT, INSERT, UPDATE, DELETE ON PHANCONG TO QUANLY WITH GRANT OPTION;

